date,type,category,amount,invoice_date,note
2024-01-01,outflow,payable,12706.27,2024-01-01,vendor_payment
2024-01-01,outflow,payroll,41955.19,,recurring_payroll
2024-01-03,inflow,receivable,10661.22,2024-01-01,partial_payment_installment_1
2024-01-04,outflow,payable,12265.23,2024-01-03,vendor_payment
2024-01-04,inflow,receivable,23712.14,2024-01-02,full_payment
2024-01-05,outflow,rent,9422.82,,recurring_rent
2024-01-06,outflow,payable,12712.01,2024-01-05,vendor_payment
2024-01-07,outflow,payable,9029.29,2024-01-04,vendor_payment
2024-01-07,inflow,receivable,19398.07,2024-01-01,partial_payment_remainder
2024-01-08,outflow,payable,3390.6,2024-01-07,vendor_payment
2024-01-09,outflow,payable,3204.02,2024-01-06,vendor_payment
2024-01-09,outflow,payable,8402.47,2024-01-08,vendor_payment
2024-01-09,inflow,receivable,17421.16,2024-01-03,partial_payment_installment_1
2024-01-09,inflow,receivable,6214.44,2024-01-07,full_payment
2024-01-09,inflow,receivable,6000.12,2024-01-06,full_payment
2024-01-09,outflow,payable,11372.26,2024-01-02,vendor_payment
2024-01-10,inflow,receivable,22094.14,2024-01-08,full_payment
2024-01-10,inflow,receivable,23830.63,2024-01-05,full_payment
2024-01-11,outflow,payable,10640.77,2024-01-09,vendor_payment
2024-01-11,inflow,receivable,19416.56,2024-01-10,full_payment
2024-01-12,outflow,payable,8548.58,2024-01-11,vendor_payment
2024-01-12,inflow,receivable,8131.77,2024-01-03,partial_payment_remainder
2024-01-13,outflow,payable,11771.67,2024-01-12,vendor_payment
2024-01-13,outflow,payable,8961.44,2024-01-10,vendor_payment
2024-01-13,inflow,receivable,19241.71,2024-01-04,full_payment
2024-01-14,outflow,payable,2799.4,2024-01-13,vendor_payment
2024-01-14,outflow,payable,3883.67,2024-01-14,vendor_payment
2024-01-15,outflow,payroll,42725.8,,recurring_payroll
2024-01-16,inflow,receivable,5498.94,2024-01-14,full_payment
2024-01-16,inflow,receivable,6041.8,2024-01-13,full_payment
2024-01-17,inflow,receivable,19884.64,2024-01-12,full_payment
2024-01-17,outflow,payable,8444.94,2024-01-16,vendor_payment
2024-01-18,outflow,payable,9332.95,2024-01-15,vendor_payment
2024-01-19,inflow,receivable,16625.55,2024-01-16,full_payment
2024-01-19,outflow,payable,10576.65,2024-01-17,vendor_payment
2024-01-19,outflow,payable,6893.18,2024-01-18,vendor_payment
2024-01-19,outflow,payable,11817.71,2024-01-19,vendor_payment
2024-01-20,inflow,receivable,19665.45,2024-01-15,full_payment
2024-01-21,inflow,receivable,6254.36,2024-01-18,partial_payment_installment_1
2024-01-21,inflow,receivable,17014.12,2024-01-17,full_payment
2024-01-22,outflow,payable,2917.2,2024-01-21,vendor_payment
2024-01-22,inflow,receivable,17415.4,2024-01-11,full_payment
2024-01-22,inflow,receivable,11534.17,2024-01-18,partial_payment_remainder
2024-01-22,inflow,receivable,18568.68,2024-01-19,full_payment
2024-01-23,outflow,payable,9285.84,2024-01-22,vendor_payment
2024-01-24,outflow,payable,7411.95,2024-01-23,vendor_payment
2024-01-24,inflow,receivable,19984.22,2024-01-09,full_payment
2024-01-24,inflow,receivable,5632.29,2024-01-20,full_payment
2024-01-25,inflow,receivable,17490.35,2024-01-23,full_payment
2024-01-25,inflow,receivable,20879.95,2024-01-22,full_payment
2024-01-25,outflow,payable,2793.37,2024-01-20,vendor_payment
2024-01-26,outflow,payable,7784.07,2024-01-24,vendor_payment
2024-01-26,outflow,payable,10683.1,2024-01-25,vendor_payment
2024-01-26,outflow,payable,11273.81,2024-01-26,vendor_payment
2024-01-27,inflow,receivable,5120.6,2024-01-21,full_payment
2024-01-28,inflow,receivable,5304.93,2024-01-25,partial_payment_installment_1
2024-01-28,outflow,payable,3588.01,2024-01-27,vendor_payment
2024-01-29,inflow,receivable,19897.32,2024-01-24,full_payment
2024-01-29,outflow,payroll,42509.66,,recurring_payroll
2024-01-29,inflow,receivable,10800.92,2024-01-25,partial_payment_remainder
2024-01-31,outflow,payable,3603.59,2024-01-28,vendor_payment
2024-01-31,outflow,payable,11908.23,2024-01-29,vendor_payment
2024-01-31,outflow,payable,12520.86,2024-01-31,vendor_payment
2024-02-01,inflow,receivable,5268.08,2024-01-27,full_payment
2024-02-01,inflow,receivable,20994.98,2024-01-29,full_payment
2024-02-01,outflow,payable,10932.28,2024-01-30,vendor_payment
2024-02-02,inflow,receivable,27867.54,2024-01-31,full_payment
2024-02-03,inflow,receivable,25077.04,2024-02-01,full_payment
2024-02-04,outflow,payable,11661.14,2024-02-01,vendor_payment
2024-02-05,outflow,rent,9290.73,,recurring_rent
2024-02-05,outflow,payable,3650.94,2024-02-04,vendor_payment
2024-02-06,inflow,receivable,7185.57,2024-01-28,full_payment
2024-02-06,outflow,payable,12833.61,2024-02-02,vendor_payment
2024-02-06,outflow,payable,3988.36,2024-02-03,vendor_payment
2024-02-07,inflow,receivable,23439.27,2024-02-02,full_payment
2024-02-07,inflow,receivable,10648.47,2024-01-30,partial_payment_installment_1
2024-02-08,outflow,payable,8735.84,2024-02-07,vendor_payment
2024-02-08,inflow,receivable,15760.81,2024-02-06,full_payment
2024-02-09,outflow,payable,8422.78,2024-02-08,vendor_payment
2024-02-09,outflow,payable,9018.48,2024-02-06,vendor_payment
2024-02-10,outflow,payable,10429.17,2024-02-05,vendor_payment
2024-02-10,outflow,payable,11284.67,2024-02-09,vendor_payment
2024-02-10,inflow,receivable,22890.2,2024-01-26,full_payment
2024-02-11,outflow,payable,2761.4,2024-02-11,vendor_payment
2024-02-11,outflow,payable,3101.07,2024-02-10,vendor_payment
2024-02-12,inflow,receivable,14074.31,2024-02-08,full_payment
2024-02-12,inflow,receivable,17650.4,2024-02-07,full_payment
2024-02-12,outflow,payroll,39491.91,,recurring_payroll
2024-02-13,outflow,payable,10174.43,2024-02-13,vendor_payment
2024-02-13,outflow,payable,11594.95,2024-02-12,vendor_payment
2024-02-13,inflow,receivable,8084.59,2024-02-03,full_payment
2024-02-15,inflow,receivable,13656.78,2024-02-12,partial_payment_installment_1
2024-02-15,inflow,receivable,7693.84,2024-02-04,full_payment
2024-02-16,inflow,receivable,3583.12,2024-02-11,partial_payment_installment_1
2024-02-16,outflow,payable,10789.77,2024-02-14,vendor_payment
2024-02-16,inflow,receivable,8697.98,2024-02-15,partial_payment_installment_1
2024-02-16,inflow,receivable,16891.98,2024-02-14,full_payment
2024-02-16,inflow,receivable,7105.58,2024-02-10,full_payment
2024-02-17,inflow,receivable,13911.24,2024-02-13,full_payment
2024-02-17,outflow,payable,3153.89,2024-02-17,vendor_payment
2024-02-17,inflow,receivable,12394.77,2024-02-09,partial_payment_installment_1
2024-02-17,inflow,receivable,5028.66,2024-02-12,partial_payment_remainder
2024-02-18,outflow,payable,9670.3,2024-02-15,vendor_payment
2024-02-18,inflow,receivable,14542.18,2024-02-15,partial_payment_remainder
2024-02-18,inflow,receivable,25471.94,2024-02-16,full_payment
2024-02-18,inflow,receivable,27254.16,2024-02-05,full_payment
2024-02-19,inflow,receivable,7491.68,2024-02-09,partial_payment_remainder
2024-02-19,outflow,payable,10579.63,2024-02-16,vendor_payment
2024-02-20,outflow,payable,9700.18,2024-02-19,vendor_payment
2024-02-20,outflow,payable,2977.53,2024-02-18,vendor_payment
2024-02-23,inflow,receivable,13485.89,2024-01-30,partial_payment_remainder
2024-02-23,outflow,payable,8819.45,2024-02-21,vendor_payment
2024-02-23,inflow,receivable,7114.08,2024-02-18,full_payment
2024-02-24,inflow,receivable,18983.05,2024-02-19,full_payment
2024-02-24,outflow,payable,3472.58,2024-02-24,vendor_payment
2024-02-24,outflow,payable,9394.32,2024-02-20,vendor_payment
2024-02-26,outflow,payable,12095.47,2024-02-26,vendor_payment
2024-02-26,outflow,payable,10227.44,2024-02-23,vendor_payment
2024-02-26,outflow,payroll,42458.0,,recurring_payroll
2024-02-26,inflow,receivable,21740.44,2024-02-20,full_payment
2024-02-26,inflow,receivable,4358.33,2024-02-23,partial_payment_installment_1
2024-02-27,inflow,receivable,8712.47,2024-02-22,partial_payment_installment_1
2024-02-28,outflow,payable,12948.13,2024-02-27,vendor_payment
2024-02-28,outflow,payable,10594.48,2024-02-28,vendor_payment
2024-02-29,inflow,receivable,22498.95,2024-02-27,full_payment
2024-02-29,outflow,payable,2993.06,2024-02-25,vendor_payment
2024-03-01,inflow,receivable,10854.03,2024-02-21,partial_payment_installment_1
2024-03-02,inflow,receivable,29094.23,2024-03-01,full_payment
2024-03-02,inflow,receivable,3521.79,2024-02-17,partial_payment_installment_1
2024-03-02,inflow,receivable,8297.32,2024-02-22,partial_payment_remainder
2024-03-02,inflow,receivable,10854.43,2024-02-23,partial_payment_remainder
2024-03-02,outflow,payable,16954.16,2024-03-01,vendor_payment
2024-03-03,outflow,payable,12741.86,2024-02-29,vendor_payment
2024-03-03,inflow,receivable,5240.86,2024-02-24,full_payment
2024-03-04,inflow,receivable,2500.16,2024-02-17,partial_payment_remainder
2024-03-05,outflow,payable,9496.34,2024-02-22,vendor_payment
2024-03-05,outflow,payable,3732.49,2024-03-02,vendor_payment
2024-03-05,outflow,rent,9534.4,,recurring_rent
2024-03-06,outflow,payable,11597.51,2024-03-04,vendor_payment
2024-03-06,inflow,receivable,4896.63,2024-02-21,partial_payment_remainder
2024-03-06,inflow,receivable,6536.33,2024-02-25,full_payment
2024-03-07,inflow,receivable,2549.9,2024-02-11,partial_payment_remainder
2024-03-07,outflow,payable,10936.08,2024-03-06,vendor_payment
2024-03-07,outflow,payable,9796.34,2024-03-05,vendor_payment
2024-03-07,inflow,receivable,26579.59,2024-03-04,full_payment
2024-03-08,inflow,receivable,7296.4,2024-02-28,partial_payment_installment_1
2024-03-08,inflow,receivable,9552.65,2024-03-02,full_payment
2024-03-09,inflow,receivable,4588.17,2024-03-09,partial_payment_installment_1
2024-03-09,inflow,receivable,1558.63,2024-03-09,partial_payment_remainder
2024-03-09,outflow,payable,10091.86,2024-03-08,vendor_payment
2024-03-09,inflow,receivable,16463.42,2024-03-07,full_payment
2024-03-10,inflow,receivable,19994.57,2024-03-05,full_payment
2024-03-10,inflow,receivable,25311.13,2024-02-26,full_payment
2024-03-10,outflow,payable,8208.96,2024-03-07,vendor_payment
2024-03-10,outflow,payable,3322.47,2024-03-03,vendor_payment
2024-03-11,outflow,payroll,41157.08,,recurring_payroll
2024-03-11,inflow,receivable,15926.19,2024-02-28,partial_payment_remainder
2024-03-11,inflow,receivable,23680.46,2024-02-29,full_payment
2024-03-12,inflow,receivable,5198.64,2024-03-10,full_payment
2024-03-12,outflow,payable,7529.68,2024-03-12,vendor_payment
2024-03-13,outflow,payable,11952.26,2024-03-11,vendor_payment
2024-03-13,outflow,payable,9347.96,2024-03-13,vendor_payment
2024-03-13,outflow,payable,3015.79,2024-03-10,vendor_payment
2024-03-14,inflow,receivable,18847.48,2024-03-06,full_payment
2024-03-14,inflow,receivable,17472.04,2024-03-11,full_payment
2024-03-15,inflow,receivable,2567.7,2024-03-03,partial_payment_installment_1
2024-03-15,outflow,payable,9027.26,2024-03-14,vendor_payment
2024-03-15,outflow,payable,11014.5,2024-03-15,vendor_payment
2024-03-16,inflow,receivable,24278.93,2024-03-08,full_payment
2024-03-17,inflow,receivable,7386.32,2024-03-12,partial_payment_installment_1
2024-03-18,outflow,payable,3239.39,2024-03-09,vendor_payment
2024-03-18,inflow,receivable,6370.03,2024-03-16,full_payment
2024-03-18,outflow,payable,3358.67,2024-03-17,vendor_payment
2024-03-18,outflow,payable,3547.48,2024-03-16,vendor_payment
2024-03-19,inflow,receivable,24275.22,2024-03-15,full_payment
2024-03-20,inflow,receivable,9238.34,2024-03-12,partial_payment_remainder
2024-03-20,outflow,payable,10515.25,2024-03-19,vendor_payment
2024-03-21,inflow,receivable,16592.99,2024-03-14,full_payment
2024-03-23,outflow,payable,10385.98,2024-03-22,vendor_payment
2024-03-23,inflow,receivable,20459.32,2024-03-20,full_payment
2024-03-23,outflow,payable,3737.98,2024-03-23,vendor_payment
2024-03-24,inflow,receivable,2377.33,2024-03-17,partial_payment_installment_1
2024-03-24,outflow,payable,9685.66,2024-03-20,vendor_payment
2024-03-24,inflow,receivable,23553.69,2024-03-22,full_payment
2024-03-24,inflow,receivable,2884.55,2024-03-23,partial_payment_installment_1
2024-03-25,inflow,receivable,12448.97,2024-03-19,partial_payment_installment_1
2024-03-25,outflow,payroll,40805.75,,recurring_payroll
2024-03-25,outflow,payable,9538.17,2024-03-18,vendor_payment
2024-03-26,outflow,payable,3700.59,2024-03-24,vendor_payment
2024-03-26,outflow,payable,9894.14,2024-03-25,vendor_payment
2024-03-26,inflow,receivable,5642.09,2024-03-03,partial_payment_remainder
2024-03-26,inflow,receivable,16616.98,2024-03-18,full_payment
2024-03-26,inflow,receivable,13395.85,2024-03-13,partial_payment_installment_1
2024-03-27,outflow,payable,10022.05,2024-03-21,vendor_payment
2024-03-27,outflow,payable,9347.88,2024-03-27,vendor_payment
2024-03-27,inflow,receivable,6466.69,2024-03-13,partial_payment_remainder
2024-03-28,inflow,receivable,4191.83,2024-03-19,partial_payment_remainder
2024-03-28,inflow,receivable,22296.6,2024-03-25,full_payment
2024-03-28,outflow,payable,9129.9,2024-03-26,vendor_payment
2024-03-29,outflow,payable,14889.41,2024-03-29,vendor_payment
2024-03-29,inflow,receivable,3657.75,2024-03-17,partial_payment_remainder
2024-03-29,inflow,receivable,5613.08,2024-03-24,full_payment
2024-03-30,outflow,payable,9286.26,2024-03-28,vendor_payment
2024-03-31,inflow,receivable,19307.99,2024-03-27,full_payment
2024-03-31,inflow,receivable,24583.92,2024-03-26,full_payment
2024-03-31,outflow,payable,4336.98,2024-03-30,vendor_payment
2024-04-01,outflow,payable,4583.24,2024-03-31,vendor_payment
2024-04-03,inflow,receivable,9292.5,2024-03-31,full_payment
2024-04-04,inflow,receivable,18769.34,2024-03-21,full_payment
2024-04-04,outflow,payable,10141.1,2024-04-03,vendor_payment
2024-04-05,outflow,payable,10903.07,2024-04-05,vendor_payment
2024-04-05,outflow,payable,10719.4,2024-04-02,vendor_payment
2024-04-05,inflow,receivable,29328.02,2024-04-01,full_payment
2024-04-05,outflow,payable,14127.68,2024-04-01,vendor_payment
2024-04-05,outflow,rent,9395.38,,recurring_rent
2024-04-06,inflow,receivable,22616.1,2024-03-28,full_payment
2024-04-06,inflow,receivable,19992.94,2024-04-04,full_payment
2024-04-07,outflow,payable,3755.47,2024-04-06,vendor_payment
2024-04-07,outflow,payable,3052.39,2024-04-07,vendor_payment
2024-04-07,inflow,receivable,2815.9,2024-03-23,partial_payment_remainder
2024-04-07,inflow,receivable,14927.01,2024-04-03,partial_payment_installment_1
2024-04-07,outflow,payable,10252.51,2024-04-04,vendor_payment
2024-04-08,outflow,payroll,41841.68,,recurring_payroll
2024-04-08,inflow,receivable,7168.3,2024-04-05,partial_payment_installment_1
2024-04-09,outflow,payable,11858.21,2024-04-08,vendor_payment
2024-04-09,inflow,receivable,6165.95,2024-04-06,full_payment
2024-04-09,inflow,receivable,732.0,2024-03-30,partial_payment_installment_1
2024-04-09,inflow,receivable,16964.97,2024-04-05,partial_payment_remainder
2024-04-10,outflow,payable,8914.59,2024-04-09,vendor_payment
2024-04-10,inflow,receivable,21876.19,2024-04-02,full_payment
2024-04-11,inflow,receivable,6218.22,2024-03-30,partial_payment_remainder
2024-04-11,inflow,receivable,11273.46,2024-04-03,partial_payment_remainder
2024-04-11,inflow,receivable,15503.02,2024-04-09,full_payment
2024-04-12,inflow,receivable,26425.84,2024-04-08,full_payment
2024-04-12,outflow,payable,6889.27,2024-04-10,vendor_payment
2024-04-13,outflow,payable,11718.87,2024-04-12,vendor_payment
2024-04-14,inflow,receivable,6857.7,2024-04-07,full_payment
2024-04-14,outflow,payable,10441.92,2024-04-11,vendor_payment
2024-04-14,outflow,payable,3212.7,2024-04-13,vendor_payment
2024-04-16,outflow,payable,3259.14,2024-04-14,vendor_payment
2024-04-16,inflow,receivable,24734.63,2024-03-29,full_payment
2024-04-17,inflow,receivable,14763.54,2024-04-16,full_payment
2024-04-17,inflow,receivable,18581.57,2024-04-12,full_payment
2024-04-18,outflow,payable,9564.83,2024-04-16,vendor_payment
2024-04-18,outflow,payable,11545.25,2024-04-15,vendor_payment
2024-04-18,inflow,receivable,6111.96,2024-04-13,full_payment
2024-04-18,outflow,payable,8918.56,2024-04-17,vendor_payment
2024-04-18,inflow,receivable,8446.95,2024-04-17,partial_payment_installment_1
2024-04-19,outflow,payable,10584.78,2024-04-18,vendor_payment
2024-04-20,inflow,receivable,10082.68,2024-04-17,partial_payment_remainder
2024-04-20,inflow,receivable,21293.19,2024-04-15,full_payment
2024-04-20,inflow,receivable,18790.32,2024-04-19,full_payment
2024-04-21,inflow,receivable,5539.44,2024-04-14,full_payment
2024-04-22,outflow,payable,3050.22,2024-04-20,vendor_payment
2024-04-22,outflow,payroll,42345.22,,recurring_payroll
2024-04-22,outflow,payable,2947.53,2024-04-21,vendor_payment
2024-04-22,outflow,payable,11980.78,2024-04-19,vendor_payment
2024-04-23,inflow,receivable,7498.41,2024-04-20,full_payment
2024-04-24,outflow,payable,9916.64,2024-04-23,vendor_payment
2024-04-24,outflow,payable,9070.44,2024-04-24,vendor_payment
2024-04-24,inflow,receivable,11545.29,2024-04-18,partial_payment_installment_1
2024-04-24,inflow,receivable,6666.44,2024-04-21,full_payment
2024-04-25,inflow,receivable,8180.42,2024-04-18,partial_payment_remainder
2024-04-25,outflow,payable,9968.67,2024-04-22,vendor_payment
2024-04-26,inflow,receivable,10902.31,2024-04-23,partial_payment_installment_1
2024-04-26,inflow,receivable,19224.45,2024-04-11,full_payment
2024-04-27,inflow,receivable,6439.39,2024-04-23,partial_payment_remainder
2024-04-27,outflow,payable,3305.06,2024-04-27,vendor_payment
2024-04-28,inflow,receivable,16420.12,2024-04-10,full_payment
2024-04-28,inflow,receivable,23229.49,2024-04-26,full_payment
2024-04-28,outflow,payable,3887.41,2024-04-28,vendor_payment
2024-04-28,outflow,payable,12001.87,2024-04-26,vendor_payment
2024-04-29,inflow,receivable,23027.61,2024-04-24,full_payment
2024-04-29,inflow,receivable,6366.07,2024-04-28,full_payment
2024-04-30,outflow,payable,13327.86,2024-04-29,vendor_payment
2024-04-30,inflow,receivable,11702.2,2024-04-25,partial_payment_installment_1
2024-05-01,inflow,receivable,2922.2,2024-04-25,partial_payment_remainder
2024-05-01,inflow,receivable,5965.15,2024-04-27,full_payment
2024-05-02,outflow,payable,11913.43,2024-05-01,vendor_payment
2024-05-02,outflow,payable,11001.82,2024-05-02,vendor_payment
2024-05-03,outflow,payable,12306.4,2024-05-03,vendor_payment
2024-05-04,outflow,payable,3697.38,2024-05-04,vendor_payment
2024-05-04,outflow,payable,9132.48,2024-04-25,vendor_payment
2024-05-04,inflow,receivable,15496.28,2024-04-22,full_payment
2024-05-04,inflow,receivable,30022.49,2024-04-29,full_payment
2024-05-05,outflow,payable,12176.96,2024-04-30,vendor_payment
2024-05-05,outflow,rent,9398.06,,recurring_rent
2024-05-05,inflow,receivable,10765.81,2024-05-02,partial_payment_installment_1
2024-05-06,outflow,payroll,40621.78,,recurring_payroll
2024-05-07,inflow,receivable,11608.24,2024-05-02,partial_payment_remainder
2024-05-07,outflow,payable,3710.48,2024-05-05,vendor_payment
2024-05-07,inflow,receivable,7716.89,2024-05-05,full_payment
2024-05-08,inflow,receivable,27795.03,2024-05-01,full_payment
2024-05-09,outflow,payable,9708.87,2024-05-07,vendor_payment
2024-05-09,outflow,payable,8510.5,2024-05-08,vendor_payment
2024-05-09,inflow,receivable,13690.24,2024-05-08,full_payment
2024-05-10,inflow,receivable,19736.11,2024-05-09,full_payment
2024-05-10,outflow,payable,9365.41,2024-05-09,vendor_payment
2024-05-10,inflow,receivable,19543.87,2024-05-07,full_payment
2024-05-10,inflow,receivable,11597.82,2024-05-06,partial_payment_installment_1
2024-05-11,inflow,receivable,10774.67,2024-05-06,partial_payment_remainder
2024-05-11,inflow,receivable,5032.93,2024-05-03,partial_payment_installment_1
2024-05-11,outflow,payable,2723.31,2024-05-11,vendor_payment
2024-05-11,outflow,payable,10786.92,2024-05-10,vendor_payment
2024-05-11,outflow,payable,11729.39,2024-05-06,vendor_payment
2024-05-12,inflow,receivable,19889.14,2024-05-03,partial_payment_remainder
2024-05-12,inflow,receivable,6940.62,2024-05-11,full_payment
2024-05-13,inflow,receivable,5573.79,2024-05-12,full_payment
2024-05-13,inflow,receivable,7133.75,2024-05-04,full_payment
2024-05-14,outflow,payable,3283.29,2024-05-12,vendor_payment
2024-05-16,inflow,receivable,22023.05,2024-05-13,full_payment
2024-05-16,outflow,payable,11159.23,2024-05-13,vendor_payment
2024-05-17,inflow,receivable,16837.84,2024-05-16,full_payment
2024-05-17,outflow,payable,12111.14,2024-05-17,vendor_payment
2024-05-17,outflow,payable,8742.34,2024-05-16,vendor_payment
2024-05-18,outflow,payable,9190.7,2024-05-14,vendor_payment
2024-05-18,outflow,payable,2801.79,2024-05-18,vendor_payment
2024-05-18,inflow,receivable,26278.89,2024-04-30,full_payment
2024-05-19,outflow,payable,3051.34,2024-05-19,vendor_payment
2024-05-19,outflow,payable,9344.93,2024-05-15,vendor_payment
2024-05-20,outflow,payroll,42591.84,,recurring_payroll
2024-05-21,inflow,receivable,18927.24,2024-05-20,full_payment
2024-05-22,outflow,payable,8964.45,2024-05-21,vendor_payment
2024-05-22,outflow,payable,6778.8,2024-05-22,vendor_payment
2024-05-23,inflow,receivable,15935.73,2024-05-14,full_payment
2024-05-23,inflow,receivable,6490.92,2024-05-19,full_payment
2024-05-23,outflow,payable,11077.62,2024-05-20,vendor_payment
2024-05-24,outflow,payable,8074.15,2024-05-23,vendor_payment
2024-05-24,inflow,receivable,22108.95,2024-05-10,full_payment
2024-05-24,inflow,receivable,16264.2,2024-05-22,full_payment
2024-05-25,inflow,receivable,11410.28,2024-05-15,partial_payment_installment_1
2024-05-25,inflow,receivable,7571.46,2024-05-15,partial_payment_remainder
2024-05-25,outflow,payable,9691.2,2024-05-24,vendor_payment
2024-05-26,outflow,payable,3076.45,2024-05-25,vendor_payment
2024-05-26,inflow,receivable,6509.97,2024-05-25,full_payment
2024-05-26,outflow,payable,3147.66,2024-05-26,vendor_payment
2024-05-27,inflow,receivable,6545.2,2024-05-26,full_payment
2024-05-27,inflow,receivable,12056.13,2024-05-24,partial_payment_installment_1
2024-05-27,inflow,receivable,20539.9,2024-05-23,full_payment
2024-05-27,inflow,receivable,21343.76,2024-05-17,full_payment
2024-05-28,outflow,payable,11735.88,2024-05-28,vendor_payment
2024-05-29,inflow,receivable,25182.88,2024-05-28,full_payment
2024-05-29,inflow,receivable,17736.94,2024-05-21,full_payment
2024-05-29,inflow,receivable,8147.94,2024-05-24,partial_payment_remainder
2024-05-30,outflow,payable,13785.34,2024-05-30,vendor_payment
2024-05-30,outflow,payable,9856.1,2024-05-29,vendor_payment
2024-05-31,inflow,receivable,22439.1,2024-05-27,full_payment
2024-05-31,outflow,payable,10685.07,2024-05-27,vendor_payment
2024-06-01,inflow,receivable,5415.64,2024-05-18,partial_payment_installment_1
2024-06-02,outflow,payable,14380.01,2024-05-31,vendor_payment
2024-06-03,outflow,payroll,42641.2,,recurring_payroll
2024-06-03,outflow,payable,3756.83,2024-06-01,vendor_payment
2024-06-04,inflow,receivable,9008.51,2024-06-02,full_payment
2024-06-04,outflow,payable,12653.4,2024-06-03,vendor_payment
2024-06-04,outflow,payable,3976.31,2024-06-02,vendor_payment
2024-06-05,outflow,payable,10742.04,2024-06-04,vendor_payment
2024-06-05,outflow,rent,9369.61,,recurring_rent
2024-06-06,inflow,receivable,15491.62,2024-06-05,full_payment
2024-06-07,outflow,payable,10162.25,2024-06-06,vendor_payment
2024-06-08,inflow,receivable,42439.03,2024-05-31,full_payment
2024-06-08,inflow,receivable,1191.75,2024-05-18,partial_payment_remainder
2024-06-08,outflow,payable,10109.23,2024-06-07,vendor_payment
2024-06-09,inflow,receivable,4994.01,2024-06-01,partial_payment_installment_1
2024-06-09,inflow,receivable,20763.6,2024-06-04,full_payment
2024-06-10,inflow,receivable,23618.36,2024-06-03,full_payment
2024-06-10,outflow,payable,10099.67,2024-06-05,vendor_payment
2024-06-11,outflow,payable,3358.77,2024-06-09,vendor_payment
2024-06-11,outflow,payable,9048.11,2024-06-10,vendor_payment
2024-06-11,outflow,payable,3575.11,2024-06-08,vendor_payment
2024-06-11,inflow,receivable,17939.66,2024-06-06,full_payment
2024-06-12,inflow,receivable,5344.79,2024-06-07,partial_payment_installment_1
2024-06-12,inflow,receivable,5998.7,2024-06-08,full_payment
2024-06-12,outflow,payable,9579.15,2024-06-11,vendor_payment
2024-06-12,inflow,receivable,23861.65,2024-05-30,full_payment
2024-06-13,outflow,payable,8077.28,2024-06-12,vendor_payment
2024-06-13,inflow,receivable,12810.01,2024-06-07,partial_payment_remainder
2024-06-14,inflow,receivable,19240.97,2024-06-12,full_payment
2024-06-14,inflow,receivable,3322.58,2024-06-01,partial_payment_remainder
2024-06-15,outflow,payable,3106.12,2024-06-15,vendor_payment
2024-06-15,inflow,receivable,15442.6,2024-06-11,full_payment
2024-06-15,outflow,payable,10650.42,2024-06-13,vendor_payment
2024-06-15,inflow,receivable,5680.68,2024-06-09,full_payment
2024-06-17,outflow,payroll,42039.46,,recurring_payroll
2024-06-18,outflow,payable,4008.52,2024-06-16,vendor_payment
2024-06-18,outflow,payable,10316.53,2024-06-14,vendor_payment
2024-06-19,outflow,payable,8531.61,2024-06-18,vendor_payment
2024-06-19,outflow,payable,10232.21,2024-06-17,vendor_payment
2024-06-19,inflow,receivable,16035.77,2024-06-13,full_payment
2024-06-19,inflow,receivable,18654.61,2024-06-14,full_payment
2024-06-19,inflow,receivable,21463.03,2024-05-29,full_payment
2024-06-20,outflow,payable,8683.45,2024-06-19,vendor_payment
2024-06-20,inflow,receivable,19061.59,2024-06-19,full_payment
2024-06-21,inflow,receivable,3810.27,2024-06-15,partial_payment_installment_1
2024-06-21,outflow,payable,9070.15,2024-06-20,vendor_payment
2024-06-22,inflow,receivable,20336.97,2024-06-10,full_payment
2024-06-22,inflow,receivable,4445.48,2024-06-16,partial_payment_installment_1
2024-06-23,outflow,payable,3329.01,2024-06-22,vendor_payment
2024-06-24,outflow,payable,2837.75,2024-06-23,vendor_payment
2024-06-24,inflow,receivable,12663.2,2024-06-18,full_payment
2024-06-24,inflow,receivable,23559.34,2024-06-20,full_payment
2024-06-24,outflow,payable,10557.79,2024-06-21,vendor_payment
2024-06-25,inflow,receivable,19700.68,2024-06-24,full_payment
2024-06-25,inflow,receivable,18354.09,2024-06-21,full_payment
2024-06-25,outflow,payable,9567.37,2024-06-24,vendor_payment
2024-06-26,inflow,receivable,2093.0,2024-06-16,partial_payment_remainder
2024-06-26,outflow,payable,8939.52,2024-06-26,vendor_payment
2024-06-26,inflow,receivable,21955.68,2024-06-17,full_payment
2024-06-28,outflow,payable,14285.73,2024-06-28,vendor_payment
2024-06-28,outflow,payable,11978.76,2024-06-27,vendor_payment
2024-06-28,outflow,payable,7622.66,2024-06-25,vendor_payment
2024-06-29,inflow,receivable,6470.96,2024-06-23,full_payment
2024-06-29,inflow,receivable,20227.79,2024-06-26,full_payment
2024-06-30,outflow,payable,5309.22,2024-06-29,vendor_payment
2024-06-30,inflow,receivable,5763.16,2024-06-22,full_payment
2024-06-30,inflow,receivable,2362.72,2024-06-15,partial_payment_remainder
2024-07-01,outflow,payroll,41271.2,,recurring_payroll
2024-07-02,outflow,payable,10553.78,2024-07-02,vendor_payment
2024-07-02,outflow,payable,13228.43,2024-07-01,vendor_payment
2024-07-02,inflow,receivable,18502.57,2024-06-25,full_payment
2024-07-02,inflow,receivable,13888.44,2024-07-01,partial_payment_installment_1
2024-07-03,outflow,payable,4229.3,2024-06-30,vendor_payment
2024-07-03,inflow,receivable,21364.92,2024-07-03,full_payment
2024-07-03,inflow,receivable,26043.97,2024-06-28,full_payment
2024-07-04,outflow,payable,10465.6,2024-07-03,vendor_payment
2024-07-04,outflow,payable,11028.17,2024-07-04,vendor_payment
2024-07-05,inflow,receivable,13401.46,2024-07-01,partial_payment_remainder
2024-07-05,outflow,rent,9573.85,,recurring_rent
2024-07-06,outflow,payable,3418.96,2024-07-06,vendor_payment
2024-07-06,inflow,receivable,7912.51,2024-06-29,full_payment
2024-07-06,outflow,payable,10740.82,2024-07-05,vendor_payment
2024-07-07,inflow,receivable,24749.09,2024-07-02,full_payment
2024-07-07,inflow,receivable,8432.06,2024-06-30,full_payment
2024-07-07,inflow,receivable,25896.72,2024-06-27,full_payment
2024-07-08,outflow,payable,3779.02,2024-07-07,vendor_payment
2024-07-10,inflow,receivable,5682.8,2024-07-07,full_payment
2024-07-10,outflow,payable,8072.81,2024-07-09,vendor_payment
2024-07-10,outflow,payable,9150.35,2024-07-08,vendor_payment
2024-07-11,outflow,payable,10705.17,2024-07-11,vendor_payment
2024-07-12,inflow,receivable,17834.29,2024-07-08,full_payment
2024-07-13,inflow,receivable,22352.26,2024-07-05,full_payment
2024-07-13,outflow,payable,8712.06,2024-07-10,vendor_payment
2024-07-13,inflow,receivable,9300.92,2024-07-11,partial_payment_installment_1
2024-07-13,outflow,payable,9349.62,2024-07-12,vendor_payment
2024-07-14,inflow,receivable,17098.63,2024-07-12,full_payment
2024-07-14,inflow,receivable,5617.99,2024-07-06,full_payment
2024-07-14,inflow,receivable,21477.66,2024-07-09,full_payment
2024-07-14,inflow,receivable,8569.41,2024-07-11,partial_payment_remainder
2024-07-15,outflow,payable,3548.25,2024-07-14,vendor_payment
2024-07-15,outflow,payable,9571.39,2024-07-15,vendor_payment
2024-07-15,outflow,payroll,41177.32,,recurring_payroll
2024-07-16,outflow,payable,3043.57,2024-07-13,vendor_payment
2024-07-18,inflow,receivable,22387.95,2024-07-15,full_payment
2024-07-18,outflow,payable,8488.45,2024-07-18,vendor_payment
2024-07-18,outflow,payable,8614.68,2024-07-16,vendor_payment
2024-07-19,inflow,receivable,24078.22,2024-07-04,full_payment
2024-07-19,inflow,receivable,6346.98,2024-07-14,full_payment
2024-07-20,inflow,receivable,18393.83,2024-07-16,full_payment
2024-07-20,outflow,payable,3783.06,2024-07-20,vendor_payment
2024-07-21,inflow,receivable,17671.08,2024-07-10,full_payment
2024-07-22,outflow,payable,8958.38,2024-07-17,vendor_payment
2024-07-22,outflow,payable,3118.5,2024-07-21,vendor_payment
2024-07-23,outflow,payable,8209.1,2024-07-19,vendor_payment
2024-07-24,outflow,payable,10985.34,2024-07-22,vendor_payment
2024-07-24,outflow,payable,9954.55,2024-07-23,vendor_payment
2024-07-24,inflow,receivable,5871.79,2024-07-13,full_payment
2024-07-24,inflow,receivable,6377.61,2024-07-20,full_payment
2024-07-25,inflow,receivable,15779.18,2024-07-18,full_payment
2024-07-25,inflow,receivable,4765.91,2024-07-22,partial_payment_installment_1
2024-07-26,inflow,receivable,20892.85,2024-07-17,full_payment
2024-07-26,inflow,receivable,15481.62,2024-07-22,partial_payment_remainder
2024-07-27,inflow,receivable,5595.23,2024-07-21,full_payment
2024-07-27,outflow,payable,10435.86,2024-07-25,vendor_payment
2024-07-28,inflow,receivable,18080.59,2024-07-24,full_payment
2024-07-28,outflow,payable,10037.22,2024-07-26,vendor_payment
2024-07-28,inflow,receivable,6970.22,2024-07-25,partial_payment_installment_1
2024-07-29,outflow,payroll,42861.78,,recurring_payroll
2024-07-29,outflow,payable,7848.92,2024-07-24,vendor_payment
2024-07-30,outflow,payable,3278.68,2024-07-27,vendor_payment
2024-07-30,outflow,payable,13477.06,2024-07-29,vendor_payment
2024-07-30,outflow,payable,3373.63,2024-07-28,vendor_payment
2024-07-30,inflow,receivable,22895.95,2024-07-19,full_payment
2024-07-31,inflow,receivable,6894.92,2024-07-27,full_payment
2024-07-31,inflow,receivable,6337.73,2024-07-28,full_payment
2024-08-01,outflow,payable,12120.71,2024-07-31,vendor_payment
2024-08-02,inflow,receivable,16577.88,2024-07-23,full_payment
2024-08-02,outflow,payable,12161.97,2024-08-01,vendor_payment
2024-08-03,inflow,receivable,21162.29,2024-07-26,full_payment
2024-08-03,inflow,receivable,21078.66,2024-07-30,full_payment
2024-08-04,outflow,payable,3558.8,2024-08-04,vendor_payment
2024-08-04,outflow,payable,14130.9,2024-07-30,vendor_payment
2024-08-05,inflow,receivable,27188.31,2024-08-01,full_payment
2024-08-05,outflow,rent,9567.59,,recurring_rent
2024-08-05,inflow,receivable,7186.45,2024-07-25,partial_payment_remainder
2024-08-06,inflow,receivable,26332.11,2024-07-31,full_payment
2024-08-06,inflow,receivable,29409.6,2024-08-02,full_payment
2024-08-06,outflow,payable,10349.46,2024-08-05,vendor_payment
2024-08-06,inflow,receivable,8733.44,2024-08-04,full_payment
2024-08-07,inflow,receivable,19703.43,2024-08-05,partial_payment_installment_1
2024-08-08,outflow,payable,8058.31,2024-08-08,vendor_payment
2024-08-08,outflow,payable,13597.02,2024-08-02,vendor_payment
2024-08-10,outflow,payable,10516.17,2024-08-06,vendor_payment
2024-08-10,inflow,receivable,4725.68,2024-08-06,partial_payment_installment_1
2024-08-10,outflow,payable,11149.87,2024-08-09,vendor_payment
2024-08-10,outflow,payable,4113.74,2024-08-03,vendor_payment
2024-08-10,inflow,receivable,12248.31,2024-08-06,partial_payment_remainder
2024-08-11,inflow,receivable,21101.97,2024-08-07,full_payment
2024-08-11,outflow,payable,2930.2,2024-08-10,vendor_payment
2024-08-12,outflow,payroll,40730.57,,recurring_payroll
2024-08-12,outflow,payable,8018.97,2024-08-07,vendor_payment
2024-08-12,inflow,receivable,22155.29,2024-08-09,full_payment
2024-08-12,inflow,receivable,2379.55,2024-08-05,partial_payment_remainder
2024-08-13,inflow,receivable,7343.29,2024-08-11,full_payment
2024-08-13,outflow,payable,12049.19,2024-08-12,vendor_payment
2024-08-13,outflow,payable,3042.12,2024-08-11,vendor_payment
2024-08-14,inflow,receivable,16155.56,2024-08-08,full_payment
2024-08-14,inflow,receivable,3043.95,2024-08-10,partial_payment_installment_1
2024-08-15,outflow,payable,8889.82,2024-08-13,vendor_payment
2024-08-15,inflow,receivable,20869.57,2024-08-12,full_payment
2024-08-16,outflow,payable,9728.09,2024-08-15,vendor_payment
2024-08-17,inflow,receivable,8547.81,2024-08-03,full_payment
2024-08-17,outflow,payable,9882.71,2024-08-16,vendor_payment
2024-08-17,outflow,payable,8601.88,2024-08-14,vendor_payment
2024-08-18,inflow,receivable,20415.08,2024-08-16,full_payment
2024-08-18,outflow,payable,3228.95,2024-08-17,vendor_payment
2024-08-19,inflow,receivable,20293.33,2024-08-15,full_payment
2024-08-19,outflow,payable,10217.59,2024-08-19,vendor_payment
2024-08-19,outflow,payable,3132.71,2024-08-18,vendor_payment
2024-08-20,inflow,receivable,1745.29,2024-08-10,partial_payment_remainder
2024-08-21,inflow,receivable,16692.4,2024-08-14,full_payment
2024-08-21,outflow,payable,7383.88,2024-08-21,vendor_payment
2024-08-21,inflow,receivable,1711.82,2024-08-18,partial_payment_remainder
2024-08-21,inflow,receivable,4605.86,2024-08-18,partial_payment_installment_1
2024-08-22,outflow,payable,10005.52,2024-08-20,vendor_payment
2024-08-23,inflow,receivable,22774.34,2024-08-19,full_payment
2024-08-24,inflow,receivable,10059.61,2024-08-22,partial_payment_installment_1
2024-08-24,outflow,payable,10771.99,2024-08-23,vendor_payment
2024-08-24,inflow,receivable,20215.46,2024-08-13,full_payment
2024-08-25,outflow,payable,3761.51,2024-08-25,vendor_payment
2024-08-25,inflow,receivable,15370.48,2024-08-23,full_payment
2024-08-25,outflow,payable,9187.01,2024-08-22,vendor_payment
2024-08-26,inflow,receivable,13941.47,2024-08-21,full_payment
2024-08-26,inflow,receivable,8741.45,2024-07-29,partial_payment_installment_1
2024-08-26,inflow,receivable,14407.38,2024-07-29,partial_payment_remainder
2024-08-26,outflow,payroll,42894.16,,recurring_payroll
2024-08-27,outflow,payable,10288.43,2024-08-26,vendor_payment
2024-08-27,inflow,receivable,22892.12,2024-08-20,full_payment
2024-08-28,inflow,receivable,7576.0,2024-08-17,full_payment
2024-08-28,outflow,payable,2990.45,2024-08-24,vendor_payment
2024-08-29,inflow,receivable,7853.01,2024-08-25,full_payment
2024-08-29,inflow,receivable,13133.97,2024-08-26,partial_payment_installment_1
2024-08-29,outflow,payable,12608.59,2024-08-28,vendor_payment
2024-08-30,outflow,payable,10701.43,2024-08-29,vendor_payment
2024-08-31,outflow,payable,9433.51,2024-08-27,vendor_payment
2024-08-31,outflow,payable,4405.21,2024-08-31,vendor_payment
2024-08-31,inflow,receivable,5606.13,2024-08-22,partial_payment_remainder
2024-08-31,inflow,receivable,5468.2,2024-08-24,full_payment
2024-09-01,inflow,receivable,18026.05,2024-08-30,partial_payment_installment_1
2024-09-02,inflow,receivable,10390.92,2024-08-30,partial_payment_remainder
2024-09-02,inflow,receivable,14553.91,2024-08-29,partial_payment_installment_1
2024-09-02,outflow,payable,4443.78,2024-09-01,vendor_payment
2024-09-03,inflow,receivable,5760.57,2024-08-26,partial_payment_remainder
2024-09-03,inflow,receivable,16346.59,2024-08-29,partial_payment_remainder
2024-09-03,inflow,receivable,21567.84,2024-08-28,full_payment
2024-09-03,inflow,receivable,19153.31,2024-08-27,full_payment
2024-09-04,outflow,payable,12884.78,2024-09-02,vendor_payment
2024-09-04,outflow,payable,12441.59,2024-09-03,vendor_payment
2024-09-04,inflow,receivable,8396.22,2024-09-01,full_payment
2024-09-05,outflow,rent,9672.14,,recurring_rent
2024-09-05,inflow,receivable,22327.7,2024-09-02,partial_payment_installment_1
2024-09-05,outflow,payable,10487.26,2024-09-05,vendor_payment
2024-09-05,outflow,payable,10232.11,2024-09-04,vendor_payment
2024-09-07,outflow,payable,10351.08,2024-09-06,vendor_payment
2024-09-07,outflow,payable,16110.57,2024-08-30,vendor_payment
2024-09-08,inflow,receivable,24046.38,2024-09-06,full_payment
2024-09-08,inflow,receivable,13780.94,2024-09-05,full_payment
2024-09-09,inflow,receivable,24654.95,2024-09-03,full_payment
2024-09-09,inflow,receivable,22320.84,2024-09-04,full_payment
2024-09-09,outflow,payroll,41861.23,,recurring_payroll
2024-09-10,outflow,payable,9336.53,2024-09-09,vendor_payment
2024-09-10,outflow,payable,3078.13,2024-09-07,vendor_payment
2024-09-10,outflow,payable,3080.0,2024-09-08,vendor_payment
2024-09-10,inflow,receivable,7522.04,2024-09-07,full_payment
2024-09-11,outflow,payable,8101.97,2024-09-10,vendor_payment
2024-09-12,inflow,receivable,6772.48,2024-09-08,full_payment
2024-09-12,inflow,receivable,20802.72,2024-09-11,partial_payment_installment_1
2024-09-12,outflow,payable,9083.42,2024-09-12,vendor_payment
2024-09-12,outflow,payable,9888.4,2024-09-11,vendor_payment
2024-09-13,inflow,receivable,19910.67,2024-09-09,full_payment
2024-09-13,inflow,receivable,7974.05,2024-09-02,partial_payment_remainder
2024-09-13,outflow,payable,8943.91,2024-09-13,vendor_payment
2024-09-14,inflow,receivable,9618.09,2024-08-31,full_payment
2024-09-15,inflow,receivable,21155.32,2024-09-13,full_payment
2024-09-15,outflow,payable,3398.57,2024-09-15,vendor_payment
2024-09-16,inflow,receivable,18060.63,2024-09-12,full_payment
2024-09-16,outflow,payable,2927.33,2024-09-14,vendor_payment
2024-09-17,inflow,receivable,6889.58,2024-09-14,full_payment
2024-09-17,inflow,receivable,18561.33,2024-09-10,full_payment
2024-09-18,inflow,receivable,23680.09,2024-09-16,full_payment
2024-09-18,outflow,payable,7646.6,2024-09-18,vendor_payment
2024-09-19,inflow,receivable,6481.7,2024-09-15,full_payment
2024-09-20,outflow,payable,8481.9,2024-09-17,vendor_payment
2024-09-20,inflow,receivable,2719.36,2024-09-11,partial_payment_remainder
2024-09-20,outflow,payable,8632.34,2024-09-19,vendor_payment
2024-09-20,outflow,payable,11910.04,2024-09-20,vendor_payment
2024-09-21,inflow,receivable,16763.19,2024-09-18,full_payment
2024-09-22,inflow,receivable,17691.57,2024-09-17,full_payment
2024-09-22,outflow,payable,3497.28,2024-09-21,vendor_payment
2024-09-23,outflow,payable,2752.57,2024-09-22,vendor_payment
2024-09-23,outflow,payable,10564.61,2024-09-23,vendor_payment
2024-09-23,outflow,payroll,41919.5,,recurring_payroll
2024-09-23,inflow,receivable,21465.21,2024-09-19,full_payment
2024-09-24,outflow,payable,10404.85,2024-09-16,vendor_payment
2024-09-25,inflow,receivable,7093.48,2024-09-21,full_payment
2024-09-26,outflow,payable,9104.6,2024-09-24,vendor_payment
2024-09-26,outflow,payable,8614.48,2024-09-25,vendor_payment
2024-09-27,inflow,receivable,5095.89,2024-09-22,full_payment
2024-09-27,inflow,receivable,20231.53,2024-09-23,full_payment
2024-09-27,inflow,receivable,11398.08,2024-09-25,partial_payment_installment_1
2024-09-27,outflow,payable,9534.65,2024-09-26,vendor_payment
2024-09-28,inflow,receivable,21606.89,2024-09-20,full_payment
2024-09-28,inflow,receivable,18040.66,2024-09-26,full_payment
2024-09-28,outflow,payable,9807.02,2024-09-27,vendor_payment
2024-09-29,inflow,receivable,8362.42,2024-09-25,partial_payment_remainder
2024-09-30,inflow,receivable,22088.87,2024-09-24,full_payment
2024-09-30,inflow,receivable,32268.08,2024-09-30,full_payment
2024-10-02,outflow,payable,13522.23,2024-10-01,vendor_payment
2024-10-02,outflow,payable,3959.59,2024-09-28,vendor_payment
2024-10-03,inflow,receivable,9158.47,2024-09-28,full_payment
2024-10-03,outflow,payable,4486.03,2024-09-29,vendor_payment
2024-10-04,inflow,receivable,20916.61,2024-09-27,full_payment
2024-10-04,inflow,receivable,29496.95,2024-10-01,full_payment
2024-10-04,outflow,payable,11485.35,2024-10-02,vendor_payment
2024-10-04,outflow,payable,10948.75,2024-10-03,vendor_payment
2024-10-05,outflow,rent,9434.86,,recurring_rent
2024-10-06,outflow,payable,17192.08,2024-09-30,vendor_payment
2024-10-06,inflow,receivable,12115.52,2024-10-02,partial_payment_installment_1
2024-10-06,outflow,payable,13890.22,2024-10-04,vendor_payment
2024-10-06,inflow,receivable,10986.23,2024-10-02,partial_payment_remainder
2024-10-07,outflow,payroll,40565.21,,recurring_payroll
2024-10-08,inflow,receivable,9688.46,2024-10-03,partial_payment_installment_1
2024-10-08,inflow,receivable,19811.79,2024-10-07,full_payment
2024-10-09,outflow,payable,7964.74,2024-10-09,vendor_payment
2024-10-09,outflow,payable,10055.55,2024-10-07,vendor_payment
2024-10-09,outflow,payable,10958.85,2024-10-08,vendor_payment
2024-10-10,outflow,payable,3216.59,2024-10-06,vendor_payment
2024-10-11,inflow,receivable,19647.26,2024-10-10,full_payment
2024-10-11,inflow,receivable,15685.74,2024-10-09,full_payment
2024-10-12,outflow,payable,9167.67,2024-10-11,vendor_payment
2024-10-12,inflow,receivable,6730.79,2024-10-06,full_payment
2024-10-12,inflow,receivable,19835.36,2024-10-08,full_payment
2024-10-13,outflow,payable,3063.83,2024-10-12,vendor_payment
2024-10-13,outflow,payable,8052.57,2024-10-10,vendor_payment
2024-10-13,outflow,payable,3004.74,2024-10-05,vendor_payment
2024-10-14,outflow,payable,3510.1,2024-10-13,vendor_payment
2024-10-14,inflow,receivable,8273.07,2024-09-29,full_payment
2024-10-15,inflow,receivable,21475.7,2024-10-04,full_payment
2024-10-15,inflow,receivable,6718.84,2024-10-05,full_payment
2024-10-15,inflow,receivable,14169.7,2024-10-03,partial_payment_remainder
2024-10-16,outflow,payable,10429.06,2024-10-14,vendor_payment
2024-10-16,outflow,payable,8233.11,2024-10-15,vendor_payment
2024-10-17,inflow,receivable,4830.0,2024-10-12,full_payment
2024-10-17,inflow,receivable,18392.34,2024-10-14,full_payment
2024-10-17,inflow,receivable,5790.28,2024-10-13,full_payment
2024-10-18,outflow,payable,7684.86,2024-10-17,vendor_payment
2024-10-18,inflow,receivable,21751.96,2024-10-16,full_payment
2024-10-19,outflow,payable,8340.48,2024-10-16,vendor_payment
2024-10-19,outflow,payable,8948.82,2024-10-18,vendor_payment
2024-10-20,inflow,receivable,15176.68,2024-10-17,full_payment
2024-10-21,outflow,payroll,41876.76,,recurring_payroll
2024-10-21,inflow,receivable,16491.13,2024-10-15,full_payment
2024-10-21,inflow,receivable,20166.27,2024-10-18,full_payment
2024-10-21,inflow,receivable,6359.7,2024-10-19,full_payment
2024-10-21,outflow,payable,3028.52,2024-10-19,vendor_payment
2024-10-22,inflow,receivable,6549.78,2024-10-20,full_payment
2024-10-22,outflow,payable,3651.68,2024-10-20,vendor_payment
2024-10-22,outflow,payable,10448.28,2024-10-21,vendor_payment
2024-10-22,inflow,receivable,20667.89,2024-10-11,full_payment
2024-10-25,outflow,payable,8475.56,2024-10-22,vendor_payment
2024-10-26,inflow,receivable,23835.94,2024-10-21,full_payment
2024-10-26,outflow,payable,8767.01,2024-10-24,vendor_payment
2024-10-26,outflow,payable,3008.5,2024-10-26,vendor_payment
2024-10-26,outflow,payable,12243.77,2024-10-25,vendor_payment
2024-10-27,outflow,payable,10447.69,2024-10-23,vendor_payment
2024-10-28,inflow,receivable,17963.24,2024-10-23,full_payment
2024-10-28,inflow,receivable,18017.9,2024-10-24,full_payment
2024-10-30,inflow,receivable,7256.27,2024-10-27,full_payment
2024-10-30,inflow,receivable,7249.22,2024-10-26,full_payment
2024-10-30,outflow,payable,13655.78,2024-10-29,vendor_payment
2024-10-31,inflow,receivable,22046.72,2024-10-29,full_payment
2024-10-31,inflow,receivable,18828.64,2024-10-22,full_payment
2024-10-31,outflow,payable,3134.16,2024-10-27,vendor_payment
2024-11-01,inflow,receivable,19586.3,2024-10-25,full_payment
2024-11-01,inflow,receivable,24521.58,2024-10-31,full_payment
2024-11-01,outflow,payable,12159.74,2024-10-28,vendor_payment
2024-11-02,inflow,receivable,28020.43,2024-11-01,full_payment
2024-11-02,outflow,payable,12578.65,2024-10-30,vendor_payment
2024-11-02,outflow,payable,13921.51,2024-10-31,vendor_payment
2024-11-03,inflow,receivable,21849.15,2024-10-30,full_payment
2024-11-04,inflow,receivable,19440.84,2024-10-28,full_payment
2024-11-04,outflow,payable,4343.25,2024-11-03,vendor_payment
2024-11-04,outflow,payroll,42515.41,,recurring_payroll
2024-11-05,outflow,rent,9520.79,,recurring_rent
2024-11-05,inflow,receivable,22527.31,2024-11-04,full_payment
2024-11-06,inflow,receivable,8674.85,2024-11-03,full_payment
2024-11-07,outflow,payable,9907.98,2024-11-06,vendor_payment
2024-11-07,outflow,payable,10673.67,2024-11-05,vendor_payment
2024-11-07,outflow,payable,3471.06,2024-11-02,vendor_payment
2024-11-07,outflow,payable,15266.97,2024-11-01,vendor_payment
2024-11-08,outflow,payable,10128.44,2024-11-07,vendor_payment
2024-11-09,outflow,payable,11705.84,2024-11-04,vendor_payment
2024-11-10,inflow,receivable,5680.81,2024-11-09,partial_payment_installment_1
2024-11-10,inflow,receivable,15781.01,2024-11-05,full_payment
2024-11-10,inflow,receivable,20420.79,2024-11-08,full_payment
2024-11-11,outflow,payable,3122.6,2024-11-10,vendor_payment
2024-11-11,inflow,receivable,20355.73,2024-11-07,full_payment
2024-11-11,inflow,receivable,13617.11,2024-11-06,full_payment
2024-11-12,outflow,payable,10704.25,2024-11-08,vendor_payment
2024-11-12,outflow,payable,3107.73,2024-11-09,vendor_payment
2024-11-12,outflow,payable,11254.54,2024-11-11,vendor_payment
2024-11-13,inflow,receivable,5627.62,2024-11-10,full_payment
2024-11-15,outflow,payable,11715.38,2024-11-15,vendor_payment
2024-11-15,outflow,payable,7604.49,2024-11-12,vendor_payment
2024-11-15,outflow,payable,8959.47,2024-11-14,vendor_payment
2024-11-15,inflow,receivable,20623.55,2024-11-11,full_payment
2024-11-16,inflow,receivable,15274.3,2024-11-12,full_payment
2024-11-17,outflow,payable,3492.28,2024-11-16,vendor_payment
2024-11-17,outflow,payable,9302.32,2024-11-13,vendor_payment
2024-11-17,inflow,receivable,19218.25,2024-11-15,full_payment
2024-11-18,outflow,payable,10947.54,2024-11-18,vendor_payment
2024-11-18,outflow,payroll,40877.42,,recurring_payroll
2024-11-19,inflow,receivable,1094.63,2024-11-09,partial_payment_remainder
2024-11-19,inflow,receivable,16795.86,2024-11-14,full_payment
2024-11-19,inflow,receivable,7701.7,2024-11-02,full_payment
2024-11-19,outflow,payable,3284.61,2024-11-17,vendor_payment
2024-11-19,inflow,receivable,21491.53,2024-11-13,full_payment
2024-11-19,inflow,receivable,5738.72,2024-11-17,full_payment
2024-11-21,outflow,payable,8681.64,2024-11-21,vendor_payment
2024-11-21,outflow,payable,10113.82,2024-11-19,vendor_payment
2024-11-22,outflow,payable,8897.32,2024-11-20,vendor_payment
2024-11-22,outflow,payable,10523.2,2024-11-22,vendor_payment
2024-11-22,inflow,receivable,17340.64,2024-11-19,full_payment
2024-11-24,outflow,payable,2907.39,2024-11-24,vendor_payment
2024-11-24,inflow,receivable,7116.47,2024-11-23,full_payment
2024-11-25,inflow,receivable,20588.07,2024-11-20,full_payment
2024-11-25,outflow,payable,3132.25,2024-11-23,vendor_payment
2024-11-26,inflow,receivable,17887.95,2024-11-18,full_payment
2024-11-27,outflow,payable,10369.5,2024-11-25,vendor_payment
2024-11-27,inflow,receivable,5044.46,2024-11-24,full_payment
2024-11-27,outflow,payable,9317.12,2024-11-26,vendor_payment
2024-11-28,inflow,receivable,21452.78,2024-11-21,full_payment
2024-11-28,outflow,payable,11639.88,2024-11-28,vendor_payment
2024-11-28,outflow,payable,9665.59,2024-11-27,vendor_payment
2024-11-29,inflow,receivable,19628.3,2024-11-25,full_payment
2024-11-30,inflow,receivable,19656.64,2024-11-26,full_payment
2024-12-01,inflow,receivable,22480.88,2024-11-22,full_payment
2024-12-02,outflow,payable,12473.6,2024-11-29,vendor_payment
2024-12-02,outflow,payroll,42418.85,,recurring_payroll
2024-12-02,inflow,receivable,16476.44,2024-11-27,full_payment
2024-12-03,inflow,receivable,9779.47,2024-11-30,full_payment
2024-12-03,inflow,receivable,7734.9,2024-11-16,full_payment
2024-12-03,outflow,payable,4860.66,2024-12-01,vendor_payment
2024-12-04,inflow,receivable,18649.11,2024-12-03,full_payment
2024-12-04,inflow,receivable,32627.61,2024-12-02,full_payment
2024-12-05,outflow,rent,9377.51,,recurring_rent
2024-12-05,outflow,payable,4220.25,2024-11-30,vendor_payment
2024-12-06,outflow,payable,13363.14,2024-12-03,vendor_payment
2024-12-06,outflow,payable,14523.29,2024-12-02,vendor_payment
2024-12-06,inflow,receivable,24172.26,2024-11-28,full_payment
2024-12-06,outflow,payable,10705.88,2024-12-04,vendor_payment
2024-12-07,inflow,receivable,15268.85,2024-12-06,partial_payment_installment_1
2024-12-07,outflow,payable,9632.84,2024-12-05,vendor_payment
2024-12-07,inflow,receivable,9269.93,2024-12-01,full_payment
2024-12-07,outflow,payable,10705.46,2024-12-06,vendor_payment
2024-12-08,inflow,receivable,29966.31,2024-11-29,full_payment
2024-12-09,outflow,payable,3767.74,2024-12-08,vendor_payment
2024-12-09,outflow,payable,3365.96,2024-12-07,vendor_payment
2024-12-10,outflow,payable,10001.49,2024-12-09,vendor_payment
2024-12-10,inflow,receivable,5889.27,2024-12-08,full_payment
2024-12-11,inflow,receivable,19938.36,2024-12-04,full_payment
2024-12-12,outflow,payable,9574.82,2024-12-11,vendor_payment
2024-12-12,outflow,payable,10338.03,2024-12-10,vendor_payment
2024-12-12,inflow,receivable,6431.73,2024-12-06,partial_payment_remainder
2024-12-13,outflow,payable,9309.5,2024-12-12,vendor_payment
2024-12-14,outflow,payable,3381.83,2024-12-14,vendor_payment
2024-12-14,inflow,receivable,6143.94,2024-12-07,full_payment
2024-12-15,inflow,receivable,14145.9,2024-12-10,full_payment
2024-12-15,inflow,receivable,17433.65,2024-12-12,full_payment
2024-12-15,outflow,payable,2987.72,2024-12-15,vendor_payment
2024-12-15,outflow,payable,10563.54,2024-12-13,vendor_payment
2024-12-16,outflow,payroll,42074.77,,recurring_payroll
2024-12-16,inflow,receivable,11695.76,2024-12-13,partial_payment_installment_1
2024-12-17,inflow,receivable,20563.58,2024-12-16,full_payment
2024-12-17,inflow,receivable,6412.37,2024-12-14,full_payment
2024-12-17,outflow,payable,9394.09,2024-12-16,vendor_payment
2024-12-17,inflow,receivable,6497.4,2024-12-13,partial_payment_remainder
2024-12-18,outflow,payable,8500.85,2024-12-17,vendor_payment
2024-12-18,inflow,receivable,19653.65,2024-12-17,full_payment
2024-12-19,inflow,receivable,19211.61,2024-12-11,full_payment
2024-12-20,outflow,payable,9497.02,2024-12-19,vendor_payment
2024-12-20,inflow,receivable,16349.18,2024-12-19,full_payment
2024-12-21,inflow,receivable,16814.2,2024-12-20,partial_payment_installment_1
2024-12-21,outflow,payable,9781.76,2024-12-18,vendor_payment
2024-12-21,inflow,receivable,21072.87,2024-12-05,full_payment
2024-12-22,outflow,payable,2939.01,2024-12-21,vendor_payment
2024-12-22,inflow,receivable,17246.86,2024-12-09,partial_payment_installment_1
2024-12-23,inflow,receivable,5090.53,2024-12-21,full_payment
2024-12-23,inflow,receivable,1992.23,2024-12-15,partial_payment_remainder
2024-12-23,inflow,receivable,4739.1,2024-12-15,partial_payment_installment_1
2024-12-23,outflow,payable,9409.62,2024-12-23,vendor_payment
2024-12-24,outflow,payable,2813.93,2024-12-22,vendor_payment
2024-12-24,outflow,payable,9539.96,2024-12-20,vendor_payment
2024-12-24,inflow,receivable,5347.79,2024-12-09,partial_payment_remainder
2024-12-25,inflow,receivable,2963.85,2024-12-20,partial_payment_remainder
2024-12-25,outflow,payable,8671.85,2024-12-24,vendor_payment
2024-12-25,inflow,receivable,5453.33,2024-12-22,full_payment
2024-12-26,inflow,receivable,20037.92,2024-12-23,full_payment
2024-12-26,outflow,payable,8836.88,2024-12-26,vendor_payment
2024-12-26,outflow,payable,9605.14,2024-12-25,vendor_payment
2024-12-27,inflow,receivable,17809.61,2024-12-24,full_payment
2024-12-29,outflow,payable,4005.41,2024-12-28,vendor_payment
2024-12-29,outflow,payable,9852.06,2024-12-27,vendor_payment
2024-12-29,inflow,receivable,18372.35,2024-12-26,full_payment
2024-12-30,outflow,payable,3491.22,2024-12-29,vendor_payment
2024-12-30,outflow,payroll,41459.25,,recurring_payroll
2024-12-30,inflow,receivable,15307.76,2024-12-18,full_payment
2025-01-01,inflow,receivable,8205.38,2024-12-28,full_payment
2025-01-01,outflow,payable,15141.99,2024-12-31,vendor_payment
2025-01-01,inflow,receivable,13140.91,2024-12-27,partial_payment_installment_1
2025-01-03,inflow,receivable,28162.41,2024-12-30,full_payment
2025-01-03,outflow,payable,11467.06,2025-01-01,vendor_payment
2025-01-04,outflow,payable,15358.48,2024-12-30,vendor_payment
2025-01-04,outflow,payable,10619.56,2025-01-02,vendor_payment
2025-01-05,outflow,rent,9468.17,,recurring_rent
2025-01-05,outflow,payable,3316.56,2025-01-04,vendor_payment
2025-01-06,inflow,receivable,24133.36,2025-01-02,full_payment
2025-01-06,inflow,receivable,10619.21,2024-12-25,partial_payment_installment_1
2025-01-06,outflow,payable,13393.81,2025-01-03,vendor_payment
2025-01-06,outflow,payable,3367.74,2025-01-05,vendor_payment
2025-01-07,inflow,receivable,7909.84,2025-01-04,full_payment
2025-01-07,inflow,receivable,7668.32,2025-01-05,full_payment
2025-01-07,outflow,payable,12236.49,2025-01-06,vendor_payment
2025-01-07,inflow,receivable,8450.81,2024-12-27,partial_payment_remainder
2025-01-07,inflow,receivable,23280.31,2025-01-01,full_payment
2025-01-08,inflow,receivable,18784.24,2025-01-03,full_payment
2025-01-08,outflow,payable,8110.02,2025-01-07,vendor_payment
2025-01-08,inflow,receivable,26052.33,2025-01-06,full_payment
2025-01-09,outflow,payable,10078.06,2025-01-08,vendor_payment
2025-01-10,inflow,receivable,16966.29,2025-01-09,full_payment
2025-01-10,outflow,payable,9387.16,2025-01-09,vendor_payment
2025-01-12,outflow,payable,9744.3,2025-01-10,vendor_payment
2025-01-13,outflow,payable,3302.15,2025-01-11,vendor_payment
2025-01-13,inflow,receivable,17073.33,2024-12-31,partial_payment_installment_1
2025-01-13,outflow,payroll,42717.93,,recurring_payroll
2025-01-13,inflow,receivable,6342.86,2025-01-12,full_payment
2025-01-14,inflow,receivable,7329.9,2024-12-29,full_payment
2025-01-14,outflow,payable,2721.83,2025-01-12,vendor_payment
2025-01-15,inflow,receivable,25452.57,2025-01-10,full_payment
2025-01-15,inflow,receivable,2397.51,2025-01-11,partial_payment_installment_1
2025-01-15,inflow,receivable,4675.57,2025-01-11,partial_payment_remainder
2025-01-17,inflow,receivable,4578.69,2024-12-31,partial_payment_remainder
2025-01-17,inflow,receivable,7608.35,2024-12-25,partial_payment_remainder
2025-01-18,outflow,payable,3762.08,2025-01-18,vendor_payment
2025-01-18,outflow,payable,8357.9,2025-01-14,vendor_payment
2025-01-18,outflow,payable,7698.8,2025-01-16,vendor_payment
2025-01-18,outflow,payable,12073.0,2025-01-17,vendor_payment
2025-01-19,outflow,payable,8606.2,2025-01-15,vendor_payment
2025-01-19,inflow,receivable,18547.2,2025-01-13,full_payment
2025-01-19,outflow,payable,3274.83,2025-01-19,vendor_payment
2025-01-20,inflow,receivable,19039.39,2025-01-15,full_payment
2025-01-20,inflow,receivable,3815.21,2025-01-18,partial_payment_installment_1
2025-01-20,outflow,payable,9757.13,2025-01-13,vendor_payment
2025-01-21,outflow,payable,10119.81,2025-01-20,vendor_payment
2025-01-21,inflow,receivable,20349.59,2025-01-14,full_payment
2025-01-22,inflow,receivable,19108.29,2025-01-07,full_payment
2025-01-23,outflow,payable,9064.37,2025-01-21,vendor_payment
2025-01-23,outflow,payable,8513.96,2025-01-22,vendor_payment
2025-01-23,inflow,receivable,14228.02,2025-01-16,partial_payment_installment_1
2025-01-23,inflow,receivable,6107.05,2025-01-19,full_payment
2025-01-24,inflow,receivable,1740.77,2025-01-18,partial_payment_remainder
2025-01-24,inflow,receivable,19000.69,2025-01-17,full_payment
2025-01-24,inflow,receivable,22125.95,2025-01-20,full_payment
2025-01-25,outflow,payable,8613.58,2025-01-23,vendor_payment
2025-01-25,outflow,payable,9620.92,2025-01-24,vendor_payment
2025-01-26,outflow,payable,3707.37,2025-01-25,vendor_payment
2025-01-27,inflow,receivable,5796.41,2025-01-25,full_payment
2025-01-27,outflow,payable,3001.4,2025-01-26,vendor_payment
2025-01-27,outflow,payable,10989.78,2025-01-27,vendor_payment
2025-01-27,inflow,receivable,3977.46,2025-01-16,partial_payment_remainder
2025-01-27,inflow,receivable,20465.45,2025-01-24,full_payment
2025-01-27,outflow,payroll,40150.1,,recurring_payroll
2025-01-28,outflow,payable,8082.11,2025-01-28,vendor_payment
2025-01-28,inflow,receivable,17256.5,2025-01-23,full_payment
2025-01-30,inflow,receivable,20685.76,2025-01-08,full_payment
2025-01-31,inflow,receivable,25923.46,2025-01-29,full_payment
2025-01-31,outflow,payable,12707.03,2025-01-30,vendor_payment
2025-01-31,inflow,receivable,22920.81,2025-01-30,full_payment
2025-02-01,inflow,receivable,24027.76,2025-01-27,full_payment
2025-02-01,outflow,payable,16250.66,2025-01-31,vendor_payment
2025-02-02,inflow,receivable,6252.17,2025-01-26,full_payment
2025-02-02,outflow,payable,12126.29,2025-01-29,vendor_payment
2025-02-03,inflow,receivable,19613.28,2025-01-28,full_payment
2025-02-03,inflow,receivable,3383.82,2025-02-01,partial_payment_installment_1
2025-02-03,outflow,payable,12226.41,2025-02-03,vendor_payment
2025-02-04,inflow,receivable,9073.09,2025-02-02,full_payment
2025-02-05,outflow,payable,11160.17,2025-02-04,vendor_payment
2025-02-05,outflow,rent,9450.71,,recurring_rent
2025-02-05,outflow,payable,10275.98,2025-02-05,vendor_payment
2025-02-06,inflow,receivable,18422.15,2025-01-21,full_payment
2025-02-06,inflow,receivable,30800.57,2025-01-31,full_payment
2025-02-07,outflow,payable,4251.9,2025-02-01,vendor_payment
2025-02-07,inflow,receivable,20542.33,2025-02-03,full_payment
2025-02-07,outflow,payable,4752.35,2025-02-02,vendor_payment
2025-02-08,inflow,receivable,19570.97,2025-02-04,full_payment
2025-02-08,outflow,payable,11870.62,2025-02-07,vendor_payment
2025-02-08,inflow,receivable,18212.93,2025-01-22,full_payment
2025-02-08,outflow,payable,8691.24,2025-02-06,vendor_payment
2025-02-08,inflow,receivable,18765.33,2025-02-05,full_payment
2025-02-10,outflow,payroll,42291.21,,recurring_payroll
2025-02-10,inflow,receivable,6370.46,2025-02-08,full_payment
2025-02-10,outflow,payable,3168.05,2025-02-08,vendor_payment
2025-02-10,outflow,payable,3196.8,2025-02-09,vendor_payment
2025-02-11,outflow,payable,11068.85,2025-02-10,vendor_payment
2025-02-11,inflow,receivable,20734.55,2025-02-07,full_payment
2025-02-12,inflow,receivable,21940.7,2025-02-10,full_payment
2025-02-13,outflow,payable,9071.47,2025-02-12,vendor_payment
2025-02-14,inflow,receivable,19790.84,2025-02-06,full_payment
2025-02-14,inflow,receivable,6479.64,2025-02-09,full_payment
2025-02-14,inflow,receivable,20861.32,2025-02-12,full_payment
2025-02-14,outflow,payable,10996.86,2025-02-14,vendor_payment
2025-02-15,inflow,receivable,15880.6,2025-02-11,full_payment
2025-02-15,outflow,payable,8593.16,2025-02-11,vendor_payment
2025-02-15,outflow,payable,10300.13,2025-02-13,vendor_payment
2025-02-16,outflow,payable,3086.09,2025-02-15,vendor_payment
2025-02-16,outflow,payable,2612.18,2025-02-16,vendor_payment
2025-02-17,outflow,payable,10278.39,2025-02-17,vendor_payment
2025-02-18,inflow,receivable,4736.39,2025-02-16,full_payment
2025-02-18,inflow,receivable,18278.84,2025-02-14,full_payment
2025-02-18,inflow,receivable,3669.68,2025-02-01,partial_payment_remainder
2025-02-20,outflow,payable,8918.78,2025-02-20,vendor_payment
2025-02-20,inflow,receivable,12462.43,2025-02-19,full_payment
2025-02-20,inflow,receivable,18922.2,2025-02-18,full_payment
2025-02-20,inflow,receivable,5466.59,2025-02-15,full_payment
2025-02-21,outflow,payable,8617.9,2025-02-18,vendor_payment
2025-02-21,outflow,payable,9649.03,2025-02-19,vendor_payment
2025-02-23,outflow,payable,9606.82,2025-02-21,vendor_payment
2025-02-23,inflow,receivable,22756.66,2025-02-17,full_payment
2025-02-24,inflow,receivable,20876.03,2025-02-20,full_payment
2025-02-24,inflow,receivable,16708.37,2025-02-13,full_payment
2025-02-24,outflow,payable,3154.63,2025-02-22,vendor_payment
2025-02-24,outflow,payable,13048.33,2025-02-24,vendor_payment
2025-02-24,outflow,payable,2918.25,2025-02-23,vendor_payment
2025-02-24,outflow,payroll,43360.33,,recurring_payroll
2025-02-26,outflow,payable,13819.64,2025-02-25,vendor_payment
2025-02-26,inflow,receivable,5927.85,2025-02-23,full_payment
2025-02-27,outflow,payable,11333.74,2025-02-27,vendor_payment
2025-02-28,inflow,receivable,29020.77,2025-02-28,full_payment
2025-02-28,inflow,receivable,13340.54,2025-02-21,partial_payment_installment_1
2025-03-01,inflow,receivable,21219.72,2025-02-24,full_payment
2025-03-01,outflow,payable,13439.86,2025-02-28,vendor_payment
2025-03-01,outflow,payable,10528.45,2025-02-26,vendor_payment
2025-03-02,inflow,receivable,31066.49,2025-02-27,full_payment
2025-03-02,inflow,receivable,24378.83,2025-02-25,full_payment
2025-03-02,outflow,payable,4505.53,2025-03-01,vendor_payment
2025-03-03,inflow,receivable,25089.18,2025-03-03,full_payment
2025-03-03,inflow,receivable,5985.6,2025-02-22,full_payment
2025-03-04,inflow,receivable,22470.33,2025-02-26,full_payment
2025-03-04,outflow,payable,13482.02,2025-03-03,vendor_payment
2025-03-04,outflow,payable,4242.17,2025-03-02,vendor_payment
2025-03-05,outflow,payable,11593.81,2025-03-04,vendor_payment
2025-03-05,inflow,receivable,5859.27,2025-03-02,partial_payment_installment_1
2025-03-05,outflow,rent,9544.12,,recurring_rent
2025-03-06,inflow,receivable,20442.74,2025-03-04,full_payment
2025-03-08,outflow,payable,11230.5,2025-03-05,vendor_payment
2025-03-09,inflow,receivable,9001.21,2025-03-01,full_payment
2025-03-09,inflow,receivable,20945.52,2025-03-05,full_payment
2025-03-09,inflow,receivable,8281.11,2025-02-21,partial_payment_remainder
2025-03-09,outflow,payable,7232.58,2025-03-06,vendor_payment
2025-03-10,inflow,receivable,13183.41,2025-03-07,partial_payment_installment_1
2025-03-10,inflow,receivable,3484.97,2025-03-08,partial_payment_remainder
2025-03-10,inflow,receivable,3440.59,2025-03-08,partial_payment_installment_1
2025-03-10,outflow,payroll,43209.55,,recurring_payroll
2025-03-10,outflow,payable,3019.18,2025-03-08,vendor_payment
2025-03-11,outflow,payable,9606.76,2025-03-07,vendor_payment
2025-03-11,outflow,payable,7124.58,2025-03-11,vendor_payment
2025-03-11,inflow,receivable,18327.11,2025-03-06,full_payment
2025-03-12,outflow,payable,3115.7,2025-03-09,vendor_payment
2025-03-12,inflow,receivable,2423.26,2025-03-02,partial_payment_remainder
2025-03-12,inflow,receivable,5180.2,2025-03-07,partial_payment_remainder
2025-03-13,inflow,receivable,5793.1,2025-03-09,full_payment
2025-03-13,inflow,receivable,17222.04,2025-03-10,full_payment
2025-03-13,outflow,payable,7707.54,2025-03-12,vendor_payment
2025-03-14,outflow,payable,11725.07,2025-03-10,vendor_payment
2025-03-14,outflow,payable,10424.74,2025-03-13,vendor_payment
2025-03-15,outflow,payable,3498.48,2025-03-15,vendor_payment
2025-03-16,inflow,receivable,22181.35,2025-03-14,full_payment
2025-03-16,outflow,payable,10295.86,2025-03-14,vendor_payment
2025-03-17,inflow,receivable,22288.75,2025-03-17,full_payment
2025-03-17,inflow,receivable,7706.51,2025-03-12,partial_payment_installment_1
2025-03-18,inflow,receivable,4739.28,2025-03-15,full_payment
2025-03-18,outflow,payable,2685.9,2025-03-16,vendor_payment
2025-03-19,inflow,receivable,7042.64,2025-03-12,partial_payment_remainder
2025-03-19,outflow,payable,11256.63,2025-03-17,vendor_payment
2025-03-20,inflow,receivable,19503.59,2025-03-11,full_payment
2025-03-20,outflow,payable,9176.4,2025-03-18,vendor_payment
2025-03-21,inflow,receivable,17061.82,2025-03-13,full_payment
2025-03-22,outflow,payable,8124.86,2025-03-20,vendor_payment
2025-03-23,outflow,payable,3187.36,2025-03-22,vendor_payment
2025-03-23,inflow,receivable,18222.71,2025-03-20,full_payment
2025-03-23,inflow,receivable,17083.01,2025-03-18,full_payment
2025-03-23,outflow,payable,8449.84,2025-03-19,vendor_payment
2025-03-24,outflow,payable,10179.96,2025-03-24,vendor_payment
2025-03-24,inflow,receivable,6746.95,2025-03-22,full_payment
2025-03-24,outflow,payroll,42327.44,,recurring_payroll
2025-03-24,outflow,payable,9772.7,2025-03-21,vendor_payment
2025-03-25,outflow,payable,7933.28,2025-03-25,vendor_payment
2025-03-25,inflow,receivable,5299.37,2025-03-16,full_payment
2025-03-26,inflow,receivable,18396.52,2025-03-21,full_payment
2025-03-26,outflow,payable,3300.03,2025-03-23,vendor_payment
2025-03-26,inflow,receivable,6021.99,2025-03-23,full_payment
2025-03-27,outflow,payable,10465.59,2025-03-26,vendor_payment
2025-03-27,outflow,payable,9233.48,2025-03-27,vendor_payment
2025-03-28,inflow,receivable,20285.05,2025-03-25,full_payment
2025-03-29,outflow,payable,9661.87,2025-03-28,vendor_payment
2025-03-30,inflow,receivable,19722.38,2025-03-24,full_payment
2025-03-30,outflow,payable,3459.89,2025-03-30,vendor_payment
2025-03-30,inflow,receivable,15375.75,2025-03-26,full_payment
2025-03-31,outflow,payable,3674.9,2025-03-29,vendor_payment
2025-04-01,inflow,receivable,17963.67,2025-03-19,full_payment
2025-04-02,inflow,receivable,22795.56,2025-03-28,full_payment
2025-04-03,outflow,payable,13411.99,2025-03-31,vendor_payment
2025-04-03,outflow,payable,12985.0,2025-04-01,vendor_payment
2025-04-03,outflow,payable,11655.47,2025-04-03,vendor_payment
2025-04-05,outflow,rent,9596.62,,recurring_rent
2025-04-05,outflow,payable,11722.89,2025-04-02,vendor_payment
2025-04-06,inflow,receivable,18439.07,2025-03-27,full_payment
2025-04-06,outflow,payable,12467.95,2025-04-04,vendor_payment
2025-04-07,outflow,payroll,41746.59,,recurring_payroll
2025-04-08,outflow,payable,3285.41,2025-04-06,vendor_payment
2025-04-08,outflow,payable,10027.02,2025-04-07,vendor_payment
2025-04-08,inflow,receivable,25193.2,2025-04-01,full_payment
2025-04-08,inflow,receivable,29354.87,2025-03-31,full_payment
2025-04-09,inflow,receivable,6341.59,2025-04-05,full_payment
2025-04-09,inflow,receivable,18958.13,2025-04-03,partial_payment_installment_1
2025-04-10,outflow,payable,10511.41,2025-04-08,vendor_payment
2025-04-10,inflow,receivable,20526.82,2025-04-07,full_payment
2025-04-10,outflow,payable,3228.02,2025-04-05,vendor_payment
2025-04-10,outflow,payable,8825.4,2025-04-10,vendor_payment
2025-04-11,outflow,payable,12291.34,2025-04-09,vendor_payment
2025-04-12,outflow,payable,9941.6,2025-04-11,vendor_payment
2025-04-12,inflow,receivable,14600.62,2025-04-04,partial_payment_installment_1
2025-04-13,inflow,receivable,8058.75,2025-04-08,partial_payment_installment_1
2025-04-13,inflow,receivable,6121.86,2025-03-29,full_payment
2025-04-14,outflow,payable,3693.79,2025-04-12,vendor_payment
2025-04-14,inflow,receivable,19783.92,2025-04-10,full_payment
2025-04-14,inflow,receivable,11151.33,2025-04-08,partial_payment_remainder
2025-04-14,inflow,receivable,7481.5,2025-03-30,full_payment
2025-04-15,outflow,payable,3397.93,2025-04-13,vendor_payment
2025-04-15,outflow,payable,11083.82,2025-04-14,vendor_payment
2025-04-16,inflow,receivable,19377.34,2025-04-09,full_payment
2025-04-16,inflow,receivable,6917.67,2025-04-03,partial_payment_remainder
2025-04-17,outflow,payable,9703.98,2025-04-15,vendor_payment
2025-04-17,outflow,payable,10488.34,2025-04-16,vendor_payment
2025-04-17,inflow,receivable,16809.37,2025-04-11,full_payment
2025-04-18,outflow,payable,9380.33,2025-04-17,vendor_payment
2025-04-18,inflow,receivable,27082.36,2025-04-02,full_payment
2025-04-18,inflow,receivable,4905.45,2025-04-12,full_payment
2025-04-19,outflow,payable,9990.17,2025-04-18,vendor_payment
2025-04-19,inflow,receivable,1718.58,2025-04-06,partial_payment_installment_1
2025-04-19,inflow,receivable,10467.81,2025-04-04,partial_payment_remainder
2025-04-20,inflow,receivable,18399.46,2025-04-16,full_payment
2025-04-21,inflow,receivable,6862.76,2025-04-20,full_payment
2025-04-21,outflow,payable,3329.56,2025-04-20,vendor_payment
2025-04-21,outflow,payable,2951.32,2025-04-19,vendor_payment
2025-04-21,outflow,payroll,41465.93,,recurring_payroll
2025-04-21,inflow,receivable,14486.51,2025-04-15,full_payment
2025-04-22,outflow,payable,10335.38,2025-04-21,vendor_payment
2025-04-23,inflow,receivable,25330.77,2025-04-14,full_payment
2025-04-24,inflow,receivable,19878.38,2025-04-23,full_payment
2025-04-24,inflow,receivable,21561.53,2025-04-18,full_payment
2025-04-24,inflow,receivable,7483.87,2025-04-13,full_payment
2025-04-25,inflow,receivable,17172.42,2025-04-24,full_payment
2025-04-25,outflow,payable,11117.93,2025-04-25,vendor_payment
2025-04-26,inflow,receivable,6538.31,2025-04-19,full_payment
2025-04-26,outflow,payable,10031.98,2025-04-23,vendor_payment
2025-04-26,outflow,payable,8979.84,2025-04-22,vendor_payment
2025-04-26,outflow,payable,4145.41,2025-04-26,vendor_payment
2025-04-27,inflow,receivable,20953.97,2025-04-17,full_payment
2025-04-28,outflow,payable,3697.53,2025-04-27,vendor_payment
2025-04-28,outflow,payable,7527.5,2025-04-24,vendor_payment
2025-04-29,outflow,payable,11268.24,2025-04-28,vendor_payment
2025-04-29,inflow,receivable,6978.86,2025-04-26,full_payment
2025-04-29,inflow,receivable,16452.54,2025-04-21,full_payment
2025-05-01,inflow,receivable,18447.64,2025-04-22,full_payment
2025-05-01,inflow,receivable,6625.69,2025-04-27,full_payment
2025-05-02,outflow,payable,11419.38,2025-04-29,vendor_payment
2025-05-02,inflow,receivable,24935.57,2025-04-30,full_payment
2025-05-03,inflow,receivable,22839.66,2025-04-29,full_payment
2025-05-03,outflow,payable,10864.27,2025-04-30,vendor_payment
2025-05-03,inflow,receivable,4420.78,2025-04-06,partial_payment_remainder
2025-05-04,outflow,payable,3467.16,2025-05-04,vendor_payment
2025-05-04,outflow,payable,3874.34,2025-05-03,vendor_payment
2025-05-04,outflow,payable,11935.04,2025-05-01,vendor_payment
2025-05-04,inflow,receivable,30682.32,2025-05-01,full_payment
2025-05-05,outflow,payroll,41745.54,,recurring_payroll
2025-05-05,outflow,rent,9594.15,,recurring_rent
2025-05-05,inflow,receivable,8067.48,2025-05-03,full_payment
2025-05-07,inflow,receivable,18870.24,2025-04-25,full_payment
2025-05-07,inflow,receivable,3292.83,2025-05-04,partial_payment_installment_1
2025-05-07,inflow,receivable,25684.4,2025-04-28,full_payment
2025-05-08,outflow,payable,12158.79,2025-05-02,vendor_payment
2025-05-08,outflow,payable,12763.95,2025-05-05,vendor_payment
2025-05-09,inflow,receivable,20284.32,2025-05-07,full_payment
2025-05-09,outflow,payable,10324.81,2025-05-06,vendor_payment
2025-05-09,outflow,payable,8851.91,2025-05-07,vendor_payment
2025-05-10,outflow,payable,10155.9,2025-05-09,vendor_payment
2025-05-10,inflow,receivable,3426.3,2025-05-04,partial_payment_remainder
2025-05-10,outflow,payable,9004.06,2025-05-08,vendor_payment
2025-05-11,outflow,payable,2619.42,2025-05-10,vendor_payment
2025-05-11,inflow,receivable,10810.43,2025-05-06,partial_payment_installment_1
2025-05-12,inflow,receivable,6982.55,2025-05-10,full_payment
2025-05-12,inflow,receivable,20664.26,2025-05-05,full_payment
2025-05-12,inflow,receivable,21759.01,2025-05-02,full_payment
2025-05-12,outflow,payable,3467.42,2025-05-11,vendor_payment
2025-05-13,outflow,payable,11058.59,2025-05-12,vendor_payment
2025-05-15,inflow,receivable,23211.68,2025-05-09,full_payment
2025-05-16,inflow,receivable,22450.71,2025-05-15,full_payment
2025-05-16,outflow,payable,8686.91,2025-05-13,vendor_payment
2025-05-16,outflow,payable,8288.38,2025-05-14,vendor_payment
2025-05-16,outflow,payable,8572.84,2025-05-16,vendor_payment
2025-05-17,inflow,receivable,18392.25,2025-05-14,full_payment
2025-05-17,inflow,receivable,6168.18,2025-05-11,full_payment
2025-05-18,inflow,receivable,9453.1,2025-05-08,partial_payment_installment_1
2025-05-18,inflow,receivable,10458.83,2025-05-13,partial_payment_installment_1
2025-05-19,outflow,payable,3129.31,2025-05-17,vendor_payment
2025-05-19,outflow,payable,10591.63,2025-05-19,vendor_payment
2025-05-19,outflow,payable,7221.25,2025-05-15,vendor_payment
2025-05-19,inflow,receivable,20574.62,2025-05-12,full_payment
2025-05-19,outflow,payable,2819.61,2025-05-18,vendor_payment
2025-05-19,outflow,payroll,42456.8,,recurring_payroll
2025-05-20,outflow,payable,8457.76,2025-05-20,vendor_payment
2025-05-20,inflow,receivable,8036.38,2025-05-08,partial_payment_remainder
2025-05-20,inflow,receivable,6679.37,2025-05-06,partial_payment_remainder
2025-05-20,inflow,receivable,19582.83,2025-05-16,full_payment
2025-05-21,inflow,receivable,7142.59,2025-05-18,full_payment
2025-05-22,outflow,payable,10021.26,2025-05-21,vendor_payment
2025-05-22,inflow,receivable,21695.68,2025-05-19,full_payment
2025-05-24,outflow,payable,3158.4,2025-05-24,vendor_payment
2025-05-24,inflow,receivable,20026.71,2025-05-21,full_payment
2025-05-26,inflow,receivable,6661.93,2025-05-24,full_payment
2025-05-26,outflow,payable,2958.8,2025-05-25,vendor_payment
2025-05-26,outflow,payable,11709.15,2025-05-23,vendor_payment
2025-05-26,inflow,receivable,20297.18,2025-05-23,full_payment
2025-05-27,inflow,receivable,8639.78,2025-05-20,partial_payment_remainder
2025-05-27,inflow,receivable,6950.71,2025-05-20,partial_payment_installment_1
2025-05-27,inflow,receivable,2399.24,2025-05-17,partial_payment_installment_1
2025-05-28,outflow,payable,10057.08,2025-05-26,vendor_payment
2025-05-28,outflow,payable,8066.73,2025-05-27,vendor_payment
2025-05-28,inflow,receivable,7687.68,2025-05-13,partial_payment_remainder
2025-05-29,inflow,receivable,19315.92,2025-05-26,full_payment
2025-05-29,outflow,payable,9873.31,2025-05-22,vendor_payment
2025-05-29,inflow,receivable,19874.9,2025-05-22,full_payment
2025-05-30,outflow,payable,10697.93,2025-05-28,vendor_payment
2025-05-31,inflow,receivable,7159.69,2025-05-25,full_payment
2025-05-31,outflow,payable,10314.96,2025-05-29,vendor_payment
2025-06-01,inflow,receivable,25518.21,2025-05-30,full_payment
2025-06-01,outflow,payable,4848.96,2025-05-31,vendor_payment
2025-06-02,outflow,payable,12192.19,2025-05-30,vendor_payment
2025-06-02,outflow,payable,13359.4,2025-06-02,vendor_payment
2025-06-02,outflow,payroll,41321.92,,recurring_payroll
2025-06-02,inflow,receivable,5380.95,2025-06-01,partial_payment_installment_1
2025-06-03,outflow,payable,4197.61,2025-06-01,vendor_payment
2025-06-03,inflow,receivable,13789.46,2025-05-28,partial_payment_installment_1
2025-06-03,inflow,receivable,8827.63,2025-05-31,full_payment
2025-06-04,inflow,receivable,34422.31,2025-06-02,full_payment
2025-06-04,outflow,payable,11262.12,2025-06-03,vendor_payment
2025-06-04,inflow,receivable,6062.36,2025-05-17,partial_payment_remainder
2025-06-04,inflow,receivable,6455.17,2025-05-28,partial_payment_remainder
2025-06-05,inflow,receivable,18272.13,2025-05-27,full_payment
2025-06-05,outflow,rent,9419.93,,recurring_rent
2025-06-05,outflow,payable,9294.27,2025-06-04,vendor_payment
2025-06-05,inflow,receivable,4378.18,2025-06-01,partial_payment_remainder
2025-06-07,inflow,receivable,23681.05,2025-06-03,full_payment
2025-06-07,inflow,receivable,17949.86,2025-06-05,full_payment
2025-06-07,outflow,payable,9649.51,2025-06-06,vendor_payment
2025-06-08,inflow,receivable,21069.78,2025-06-04,full_payment
2025-06-08,outflow,payable,2739.55,2025-06-08,vendor_payment
2025-06-08,outflow,payable,9187.17,2025-06-05,vendor_payment
2025-06-10,inflow,receivable,6396.11,2025-06-07,full_payment
2025-06-10,inflow,receivable,9930.55,2025-06-06,partial_payment_installment_1
2025-06-11,outflow,payable,3589.56,2025-06-07,vendor_payment
2025-06-11,inflow,receivable,15824.16,2025-06-10,full_payment
2025-06-12,outflow,payable,10445.68,2025-06-10,vendor_payment
2025-06-12,outflow,payable,8740.41,2025-06-11,vendor_payment
2025-06-13,inflow,receivable,16876.27,2025-06-11,full_payment
2025-06-13,inflow,receivable,24869.73,2025-06-09,full_payment
2025-06-14,outflow,payable,11528.59,2025-06-13,vendor_payment
2025-06-14,outflow,payable,10934.47,2025-06-09,vendor_payment
2025-06-15,outflow,payable,3332.05,2025-06-14,vendor_payment
2025-06-16,inflow,receivable,21054.88,2025-06-13,full_payment
2025-06-16,inflow,receivable,6229.32,2025-06-14,full_payment
2025-06-16,outflow,payroll,42636.24,,recurring_payroll
2025-06-17,outflow,payable,2567.06,2025-06-15,vendor_payment
2025-06-17,inflow,receivable,6359.72,2025-06-15,full_payment
2025-06-17,outflow,payable,7904.12,2025-06-17,vendor_payment
2025-06-17,outflow,payable,8168.11,2025-06-12,vendor_payment
2025-06-18,outflow,payable,9169.16,2025-06-18,vendor_payment
2025-06-18,inflow,receivable,18043.33,2025-06-17,full_payment
2025-06-18,inflow,receivable,17997.58,2025-06-18,full_payment
2025-06-19,inflow,receivable,23398.7,2025-06-16,full_payment
2025-06-19,outflow,payable,10117.86,2025-06-16,vendor_payment
2025-06-20,outflow,payable,9284.7,2025-06-19,vendor_payment
2025-06-21,inflow,receivable,13341.47,2025-06-06,partial_payment_remainder
2025-06-21,inflow,receivable,19700.77,2025-06-12,full_payment
2025-06-21,inflow,receivable,22422.98,2025-06-19,full_payment
2025-06-21,outflow,payable,3192.31,2025-06-21,vendor_payment
2025-06-21,outflow,payable,10584.16,2025-06-20,vendor_payment
2025-06-21,inflow,receivable,22613.06,2025-05-29,full_payment
2025-06-22,inflow,receivable,17767.65,2025-06-20,full_payment
2025-06-22,inflow,receivable,6512.79,2025-06-21,full_payment
2025-06-23,outflow,payable,10939.64,2025-06-23,vendor_payment
2025-06-26,inflow,receivable,13592.76,2025-06-23,partial_payment_installment_1
2025-06-26,outflow,payable,3304.6,2025-06-22,vendor_payment
2025-06-28,inflow,receivable,15058.65,2025-06-26,full_payment
2025-06-28,inflow,receivable,16819.28,2025-06-27,partial_payment_installment_1
2025-06-28,outflow,payable,8946.25,2025-06-24,vendor_payment
2025-06-28,outflow,payable,8785.13,2025-06-25,vendor_payment
2025-06-29,outflow,payable,3832.58,2025-06-28,vendor_payment
2025-06-29,inflow,receivable,10957.65,2025-06-23,partial_payment_remainder
2025-06-29,outflow,payable,11928.57,2025-06-27,vendor_payment
2025-06-30,inflow,receivable,13526.79,2025-06-27,partial_payment_remainder
2025-06-30,outflow,payroll,43791.85,,recurring_payroll
2025-07-01,outflow,payable,3718.95,2025-06-29,vendor_payment
2025-07-01,outflow,payable,13984.96,2025-06-30,vendor_payment
2025-07-01,inflow,receivable,7256.75,2025-06-22,full_payment
2025-07-02,inflow,receivable,15642.8,2025-06-25,full_payment
2025-07-02,inflow,receivable,14863.91,2025-06-30,partial_payment_installment_1
2025-07-02,outflow,payable,12399.23,2025-07-01,vendor_payment
2025-07-02,inflow,receivable,5734.73,2025-06-08,full_payment
2025-07-03,outflow,payable,10540.09,2025-07-02,vendor_payment
2025-07-03,outflow,payable,11877.51,2025-07-03,vendor_payment
2025-07-04,inflow,receivable,8435.73,2025-06-29,full_payment
2025-07-04,inflow,receivable,15011.55,2025-07-03,partial_payment_installment_1
2025-07-05,outflow,payable,8699.81,2025-06-26,vendor_payment
2025-07-05,outflow,payable,3352.65,2025-07-05,vendor_payment
2025-07-05,outflow,rent,9594.85,,recurring_rent
2025-07-06,inflow,receivable,7781.62,2025-06-28,full_payment
2025-07-06,outflow,payable,11006.28,2025-07-04,vendor_payment
2025-07-06,outflow,payable,3432.81,2025-07-06,vendor_payment
2025-07-06,inflow,receivable,13684.48,2025-06-30,partial_payment_remainder
2025-07-06,inflow,receivable,23883.68,2025-07-01,full_payment
2025-07-06,inflow,receivable,18497.42,2025-06-24,full_payment
2025-07-07,inflow,receivable,19941.71,2025-07-04,full_payment
2025-07-08,outflow,payable,8197.73,2025-07-08,vendor_payment
2025-07-09,outflow,payable,8451.05,2025-07-09,vendor_payment
2025-07-09,outflow,payable,10469.03,2025-07-07,vendor_payment
2025-07-10,inflow,receivable,5347.14,2025-07-03,partial_payment_remainder
2025-07-11,outflow,payable,10345.04,2025-07-10,vendor_payment
2025-07-12,inflow,receivable,6586.77,2025-07-05,full_payment
2025-07-14,inflow,receivable,25658.91,2025-07-02,full_payment
2025-07-14,inflow,receivable,6390.35,2025-07-06,full_payment
2025-07-14,outflow,payroll,41948.02,,recurring_payroll
2025-07-14,outflow,payable,3534.69,2025-07-13,vendor_payment
2025-07-14,outflow,payable,3147.41,2025-07-12,vendor_payment
2025-07-15,inflow,receivable,24078.0,2025-07-11,full_payment
2025-07-15,inflow,receivable,7099.7,2025-07-13,full_payment
2025-07-15,inflow,receivable,18028.61,2025-07-08,full_payment
2025-07-15,inflow,receivable,17785.64,2025-07-09,full_payment
2025-07-15,inflow,receivable,19082.85,2025-07-10,full_payment
2025-07-15,outflow,payable,10139.02,2025-07-15,vendor_payment
2025-07-16,outflow,payable,10510.41,2025-07-11,vendor_payment
2025-07-16,outflow,payable,12796.94,2025-07-14,vendor_payment
2025-07-17,inflow,receivable,13123.26,2025-07-14,partial_payment_installment_1
2025-07-18,inflow,receivable,23094.1,2025-07-16,full_payment
2025-07-18,inflow,receivable,18372.09,2025-07-15,full_payment
2025-07-18,outflow,payable,10204.88,2025-07-16,vendor_payment
2025-07-18,outflow,payable,9010.02,2025-07-17,vendor_payment
2025-07-18,inflow,receivable,6023.86,2025-07-12,full_payment
2025-07-18,inflow,receivable,21662.23,2025-07-07,full_payment
2025-07-20,outflow,payable,11432.84,2025-07-18,vendor_payment
2025-07-21,outflow,payable,3567.7,2025-07-20,vendor_payment
2025-07-21,inflow,receivable,4933.76,2025-07-14,partial_payment_remainder
2025-07-21,outflow,payable,2711.95,2025-07-19,vendor_payment
2025-07-21,inflow,receivable,5480.2,2025-07-19,full_payment
2025-07-22,outflow,payable,10530.09,2025-07-21,vendor_payment
2025-07-22,outflow,payable,9974.03,2025-07-22,vendor_payment
2025-07-23,inflow,receivable,24277.53,2025-07-21,full_payment
2025-07-24,outflow,payable,8123.83,2025-07-23,vendor_payment
2025-07-25,outflow,payable,8956.39,2025-07-24,vendor_payment
2025-07-26,outflow,payable,11295.03,2025-07-25,vendor_payment
2025-07-27,outflow,payable,3089.15,2025-07-26,vendor_payment
2025-07-27,inflow,receivable,8394.14,2025-07-18,partial_payment_installment_1
2025-07-28,outflow,payroll,40870.71,,recurring_payroll
2025-07-28,inflow,receivable,14437.65,2025-07-23,partial_payment_installment_1
2025-07-28,inflow,receivable,6620.01,2025-07-26,full_payment
2025-07-28,outflow,payable,12644.82,2025-07-28,vendor_payment
2025-07-28,inflow,receivable,5816.75,2025-07-20,full_payment
2025-07-29,inflow,receivable,9403.7,2025-07-18,partial_payment_remainder
2025-07-29,inflow,receivable,6846.45,2025-07-27,full_payment
2025-07-30,outflow,payable,3399.6,2025-07-27,vendor_payment
2025-07-30,inflow,receivable,10449.2,2025-07-25,partial_payment_installment_1
2025-07-31,outflow,payable,13831.54,2025-07-30,vendor_payment
2025-08-01,outflow,payable,10531.23,2025-07-29,vendor_payment
2025-08-01,inflow,receivable,20295.54,2025-07-29,full_payment
2025-08-02,outflow,payable,10972.84,2025-07-31,vendor_payment
2025-08-02,outflow,payable,13811.35,2025-08-01,vendor_payment
2025-08-03,inflow,receivable,26266.05,2025-07-30,full_payment
2025-08-03,inflow,receivable,27287.7,2025-07-28,full_payment
2025-08-03,outflow,payable,4904.1,2025-08-02,vendor_payment
2025-08-04,outflow,payable,4229.65,2025-08-03,vendor_payment
2025-08-04,inflow,receivable,25238.02,2025-08-01,partial_payment_installment_1
2025-08-05,inflow,receivable,26357.97,2025-08-04,full_payment
2025-08-05,outflow,rent,9495.81,,recurring_rent
2025-08-05,inflow,receivable,7370.14,2025-07-25,partial_payment_remainder
2025-08-06,inflow,receivable,19744.12,2025-07-17,full_payment
2025-08-06,outflow,payable,9226.24,2025-08-05,vendor_payment
2025-08-06,outflow,payable,9532.56,2025-08-06,vendor_payment
2025-08-06,inflow,receivable,22595.81,2025-07-31,full_payment
2025-08-07,inflow,receivable,7696.75,2025-08-02,full_payment
2025-08-07,inflow,receivable,19554.06,2025-08-06,full_payment
2025-08-07,inflow,receivable,20347.04,2025-08-05,full_payment
2025-08-07,outflow,payable,11390.57,2025-08-04,vendor_payment
2025-08-08,inflow,receivable,15285.82,2025-08-07,full_payment
2025-08-08,inflow,receivable,16906.58,2025-07-22,full_payment
2025-08-08,outflow,payable,10183.53,2025-08-08,vendor_payment
2025-08-09,outflow,payable,6983.72,2025-08-07,vendor_payment
2025-08-09,inflow,receivable,5277.23,2025-07-23,partial_payment_remainder
2025-08-10,inflow,receivable,14695.55,2025-08-01,partial_payment_remainder
2025-08-10,inflow,receivable,18631.37,2025-07-24,full_payment
2025-08-10,outflow,payable,3002.98,2025-08-09,vendor_payment
2025-08-11,outflow,payable,11571.29,2025-08-11,vendor_payment
2025-08-11,outflow,payroll,40870.41,,recurring_payroll
2025-08-12,outflow,payable,8688.45,2025-08-12,vendor_payment
2025-08-12,inflow,receivable,5991.59,2025-08-09,full_payment
2025-08-12,inflow,receivable,6773.75,2025-08-03,full_payment
2025-08-13,inflow,receivable,22525.13,2025-08-11,full_payment
2025-08-13,inflow,receivable,3102.48,2025-08-10,partial_payment_installment_1
2025-08-13,outflow,payable,8324.3,2025-08-13,vendor_payment
2025-08-14,outflow,payable,8528.97,2025-08-14,vendor_payment
2025-08-14,inflow,receivable,14746.28,2025-08-13,full_payment
2025-08-17,inflow,receivable,20414.33,2025-08-08,full_payment
2025-08-17,inflow,receivable,3530.31,2025-08-10,partial_payment_remainder
2025-08-18,outflow,payable,3339.26,2025-08-10,vendor_payment
2025-08-18,outflow,payable,9622.7,2025-08-15,vendor_payment
2025-08-18,outflow,payable,2984.14,2025-08-16,vendor_payment
2025-08-18,outflow,payable,3401.62,2025-08-17,vendor_payment
2025-08-19,inflow,receivable,6559.96,2025-08-17,full_payment
2025-08-20,outflow,payable,11151.23,2025-08-18,vendor_payment
2025-08-21,outflow,payable,7788.86,2025-08-19,vendor_payment
2025-08-21,inflow,receivable,18754.1,2025-08-19,full_payment
2025-08-22,outflow,payable,10608.21,2025-08-21,vendor_payment
2025-08-22,outflow,payable,9949.1,2025-08-22,vendor_payment
2025-08-22,inflow,receivable,23761.32,2025-08-18,full_payment
2025-08-22,inflow,receivable,18233.59,2025-08-20,full_payment
2025-08-23,inflow,receivable,18194.13,2025-08-15,full_payment
2025-08-24,inflow,receivable,4055.43,2025-08-16,partial_payment_installment_1
2025-08-24,outflow,payable,8635.34,2025-08-20,vendor_payment
2025-08-24,outflow,payable,2529.82,2025-08-24,vendor_payment
2025-08-24,inflow,receivable,18874.07,2025-08-21,full_payment
2025-08-25,inflow,receivable,4890.8,2025-08-23,full_payment
2025-08-25,outflow,payroll,42652.32,,recurring_payroll
2025-08-25,outflow,payable,3257.23,2025-08-23,vendor_payment
2025-08-28,inflow,receivable,20808.54,2025-08-12,full_payment
2025-08-28,inflow,receivable,11202.55,2025-08-25,partial_payment_installment_1
2025-08-28,inflow,receivable,2830.66,2025-08-16,partial_payment_remainder
2025-08-28,outflow,payable,8837.28,2025-08-26,vendor_payment
2025-08-28,outflow,payable,11397.65,2025-08-27,vendor_payment
2025-08-29,outflow,payable,9278.81,2025-08-25,vendor_payment
2025-08-30,inflow,receivable,17864.98,2025-08-14,full_payment
2025-08-30,outflow,payable,10164.32,2025-08-28,vendor_payment
2025-09-01,outflow,payable,4505.31,2025-08-31,vendor_payment
2025-09-01,outflow,payable,4488.16,2025-08-30,vendor_payment
2025-09-01,inflow,receivable,12265.64,2025-08-26,partial_payment_installment_1
2025-09-02,inflow,receivable,8798.74,2025-08-29,partial_payment_installment_1
2025-09-02,inflow,receivable,20681.67,2025-08-27,full_payment
2025-09-03,inflow,receivable,12342.72,2025-08-25,partial_payment_remainder
2025-09-03,inflow,receivable,5892.55,2025-08-24,full_payment
2025-09-03,inflow,receivable,3989.16,2025-08-31,partial_payment_installment_1
2025-09-03,outflow,payable,15018.14,2025-09-01,vendor_payment
2025-09-03,outflow,payable,11798.81,2025-09-02,vendor_payment
2025-09-04,outflow,payable,12666.61,2025-08-29,vendor_payment
2025-09-04,outflow,payable,11317.15,2025-09-03,vendor_payment
2025-09-04,outflow,payable,10775.8,2025-09-04,vendor_payment
2025-09-04,inflow,receivable,20263.81,2025-08-22,full_payment
2025-09-04,inflow,receivable,19649.49,2025-08-28,full_payment
2025-09-05,outflow,rent,9469.16,,recurring_rent
2025-09-05,inflow,receivable,19670.47,2025-08-29,partial_payment_remainder
2025-09-07,inflow,receivable,4145.71,2025-08-31,partial_payment_remainder
2025-09-07,inflow,receivable,28134.23,2025-09-01,full_payment
2025-09-07,inflow,receivable,9130.69,2025-08-30,full_payment
2025-09-07,inflow,receivable,6678.09,2025-09-06,full_payment
2025-09-08,outflow,payable,3287.06,2025-09-06,vendor_payment
2025-09-08,inflow,receivable,4380.58,2025-09-05,partial_payment_installment_1
2025-09-08,outflow,payable,10552.77,2025-09-08,vendor_payment
2025-09-08,inflow,receivable,23018.06,2025-09-03,full_payment
2025-09-08,outflow,payroll,41949.81,,recurring_payroll
2025-09-09,inflow,receivable,7125.51,2025-08-26,partial_payment_remainder
2025-09-10,inflow,receivable,20679.44,2025-09-08,full_payment
2025-09-10,inflow,receivable,6394.98,2025-09-07,full_payment
2025-09-10,outflow,payable,8313.04,2025-09-09,vendor_payment
2025-09-10,outflow,payable,9371.86,2025-09-10,vendor_payment
2025-09-11,inflow,receivable,21960.17,2025-09-04,full_payment
2025-09-11,outflow,payable,3564.55,2025-09-07,vendor_payment
2025-09-11,outflow,payable,7961.15,2025-09-11,vendor_payment
2025-09-12,outflow,payable,10626.74,2025-09-05,vendor_payment
2025-09-12,inflow,receivable,16368.86,2025-09-05,partial_payment_remainder
2025-09-13,inflow,receivable,16929.74,2025-09-11,full_payment
2025-09-14,inflow,receivable,26041.65,2025-09-02,full_payment
2025-09-14,inflow,receivable,17409.22,2025-09-09,full_payment
2025-09-15,outflow,payable,3394.01,2025-09-14,vendor_payment
2025-09-15,inflow,receivable,5252.3,2025-09-14,full_payment
2025-09-16,outflow,payable,10976.74,2025-09-12,vendor_payment
2025-09-16,inflow,receivable,17841.98,2025-09-10,full_payment
2025-09-17,outflow,payable,9195.47,2025-09-16,vendor_payment
2025-09-18,inflow,receivable,22202.13,2025-09-12,full_payment
2025-09-18,inflow,receivable,17242.97,2025-09-16,full_payment
2025-09-18,outflow,payable,9791.39,2025-09-18,vendor_payment
2025-09-18,outflow,payable,2915.73,2025-09-13,vendor_payment
2025-09-18,outflow,payable,11005.92,2025-09-15,vendor_payment
2025-09-19,inflow,receivable,5937.15,2025-09-13,full_payment
2025-09-19,outflow,payable,9277.58,2025-09-17,vendor_payment
2025-09-20,outflow,payable,3397.54,2025-09-20,vendor_payment
2025-09-20,outflow,payable,12196.87,2025-09-19,vendor_payment
2025-09-21,inflow,receivable,19713.04,2025-09-15,partial_payment_remainder
2025-09-21,inflow,receivable,5583.52,2025-09-15,partial_payment_installment_1
2025-09-21,outflow,payable,3266.94,2025-09-21,vendor_payment
2025-09-22,inflow,receivable,6710.64,2025-09-20,full_payment
2025-09-22,outflow,payroll,42736.54,,recurring_payroll
2025-09-24,inflow,receivable,16005.92,2025-09-18,full_payment
2025-09-24,outflow,payable,11441.95,2025-09-22,vendor_payment
2025-09-25,outflow,payable,9195.69,2025-09-23,vendor_payment
2025-09-25,inflow,receivable,4001.21,2025-09-21,partial_payment_installment_1
2025-09-25,outflow,payable,9104.84,2025-09-24,vendor_payment
2025-09-26,inflow,receivable,19405.14,2025-09-22,full_payment
2025-09-27,inflow,receivable,18297.49,2025-09-17,full_payment
2025-09-27,inflow,receivable,3990.63,2025-09-21,partial_payment_remainder
2025-09-28,inflow,receivable,7807.01,2025-09-27,full_payment
2025-09-28,outflow,payable,3776.06,2025-09-27,vendor_payment
2025-09-29,outflow,payable,10479.08,2025-09-25,vendor_payment
2025-09-30,outflow,payable,3504.28,2025-09-28,vendor_payment
2025-09-30,outflow,payable,10161.14,2025-09-26,vendor_payment
2025-09-30,inflow,receivable,17073.49,2025-09-19,full_payment
2025-10-01,inflow,receivable,15250.8,2025-09-25,full_payment
2025-10-01,inflow,receivable,17514.69,2025-09-24,full_payment
2025-10-02,outflow,payable,16082.36,2025-09-29,vendor_payment
2025-10-02,inflow,receivable,8955.03,2025-09-28,full_payment
2025-10-03,outflow,payable,14505.25,2025-10-03,vendor_payment
2025-10-03,outflow,payable,15223.98,2025-10-02,vendor_payment
2025-10-03,inflow,receivable,25472.13,2025-09-30,full_payment
2025-10-04,inflow,receivable,26512.7,2025-09-26,full_payment
2025-10-04,inflow,receivable,19627.25,2025-09-23,full_payment
2025-10-05,outflow,rent,9432.69,,recurring_rent
2025-10-05,outflow,payable,12525.65,2025-10-01,vendor_payment
2025-10-06,outflow,payable,3561.1,2025-10-05,vendor_payment
2025-10-06,inflow,receivable,6182.42,2025-10-04,full_payment
2025-10-06,outflow,payroll,41551.75,,recurring_payroll
2025-10-07,inflow,receivable,31975.51,2025-09-29,full_payment
2025-10-07,outflow,payable,12851.11,2025-09-30,vendor_payment
2025-10-07,outflow,payable,3630.09,2025-10-04,vendor_payment
2025-10-08,outflow,payable,7904.55,2025-10-07,vendor_payment
2025-10-08,inflow,receivable,7101.61,2025-10-05,full_payment
2025-10-08,inflow,receivable,22397.56,2025-10-06,full_payment
2025-10-09,inflow,receivable,27845.18,2025-10-02,full_payment
2025-10-09,outflow,payable,15480.31,2025-10-06,vendor_payment
2025-10-09,inflow,receivable,25115.81,2025-10-03,full_payment
2025-10-09,outflow,payable,8531.49,2025-10-08,vendor_payment
2025-10-10,outflow,payable,10195.45,2025-10-09,vendor_payment
2025-10-10,inflow,receivable,19047.23,2025-10-09,full_payment
2025-10-11,outflow,payable,11831.0,2025-10-10,vendor_payment
2025-10-12,inflow,receivable,13366.87,2025-10-01,partial_payment_installment_1
2025-10-13,outflow,payable,2900.69,2025-10-12,vendor_payment
2025-10-13,outflow,payable,9829.73,2025-10-13,vendor_payment
2025-10-13,inflow,receivable,6101.79,2025-10-11,full_payment
2025-10-14,outflow,payable,3382.6,2025-10-11,vendor_payment
2025-10-14,inflow,receivable,6744.74,2025-10-12,full_payment
2025-10-15,inflow,receivable,18773.26,2025-10-10,full_payment
2025-10-16,outflow,payable,8588.23,2025-10-14,vendor_payment
2025-10-17,outflow,payable,9869.71,2025-10-16,vendor_payment
2025-10-17,outflow,payable,11858.66,2025-10-17,vendor_payment
2025-10-18,inflow,receivable,12573.96,2025-10-01,partial_payment_remainder
2025-10-18,outflow,payable,7861.61,2025-10-15,vendor_payment
2025-10-19,inflow,receivable,3642.47,2025-10-18,partial_payment_installment_1
2025-10-19,inflow,receivable,20588.5,2025-10-17,full_payment
2025-10-19,inflow,receivable,16117.68,2025-10-07,full_payment
2025-10-20,outflow,payable,2903.02,2025-10-19,vendor_payment
2025-10-20,inflow,receivable,17759.35,2025-10-08,full_payment
2025-10-20,outflow,payroll,42697.72,,recurring_payroll
2025-10-21,inflow,receivable,16300.74,2025-10-14,full_payment
2025-10-21,outflow,payable,3594.67,2025-10-18,vendor_payment
2025-10-22,outflow,payable,9401.01,2025-10-20,vendor_payment
2025-10-23,inflow,receivable,19934.96,2025-10-16,full_payment
2025-10-23,outflow,payable,8103.27,2025-10-21,vendor_payment
2025-10-24,inflow,receivable,3093.48,2025-10-18,partial_payment_remainder
2025-10-24,inflow,receivable,5571.77,2025-10-19,full_payment
2025-10-24,inflow,receivable,15389.8,2025-10-21,partial_payment_installment_1
2025-10-24,outflow,payable,10466.85,2025-10-22,vendor_payment
2025-10-25,outflow,payable,10224.76,2025-10-24,vendor_payment
2025-10-25,inflow,receivable,1709.98,2025-10-21,partial_payment_remainder
2025-10-26,outflow,payable,9439.78,2025-10-23,vendor_payment
2025-10-26,inflow,receivable,23135.23,2025-10-13,full_payment
2025-10-27,outflow,payable,3292.97,2025-10-25,vendor_payment
2025-10-27,outflow,payable,3094.75,2025-10-26,vendor_payment
2025-10-27,inflow,receivable,21245.08,2025-10-15,full_payment
2025-10-27,outflow,payable,11575.85,2025-10-27,vendor_payment
2025-10-29,inflow,receivable,18152.13,2025-10-22,full_payment
2025-10-29,outflow,payable,8769.81,2025-10-28,vendor_payment
2025-10-29,inflow,receivable,19029.16,2025-10-24,full_payment
2025-10-30,inflow,receivable,4874.82,2025-10-23,partial_payment_installment_1
2025-10-31,inflow,receivable,20671.57,2025-10-27,full_payment
2025-10-31,outflow,payable,14444.37,2025-10-31,vendor_payment
2025-10-31,inflow,receivable,22079.4,2025-10-29,full_payment
2025-11-02,outflow,payable,4232.19,2025-11-01,vendor_payment
2025-11-02,inflow,receivable,24332.49,2025-10-20,full_payment
2025-11-02,inflow,receivable,24511.87,2025-10-28,full_payment
2025-11-03,inflow,receivable,5666.31,2025-10-25,full_payment
2025-11-03,inflow,receivable,11099.21,2025-11-01,full_payment
2025-11-03,outflow,payable,10536.96,2025-10-29,vendor_payment
2025-11-03,outflow,payroll,41867.03,,recurring_payroll
2025-11-03,outflow,payable,4024.51,2025-11-02,vendor_payment
2025-11-04,outflow,payable,11339.8,2025-11-03,vendor_payment
2025-11-04,inflow,receivable,22492.39,2025-11-03,full_payment
2025-11-05,inflow,receivable,5637.38,2025-10-26,full_payment
2025-11-05,outflow,rent,9446.81,,recurring_rent
2025-11-05,inflow,receivable,22350.58,2025-11-04,full_payment
2025-11-06,outflow,payable,8888.09,2025-11-06,vendor_payment
2025-11-06,outflow,payable,12749.55,2025-10-30,vendor_payment
2025-11-06,inflow,receivable,13041.33,2025-10-23,partial_payment_remainder
2025-11-07,inflow,receivable,20918.5,2025-11-05,full_payment
2025-11-07,outflow,payable,8271.59,2025-11-05,vendor_payment
2025-11-07,inflow,receivable,32104.42,2025-10-31,full_payment
2025-11-07,inflow,receivable,7898.28,2025-11-02,full_payment
2025-11-09,outflow,payable,9299.85,2025-11-07,vendor_payment
2025-11-09,inflow,receivable,22665.35,2025-10-30,full_payment
2025-11-09,inflow,receivable,18297.87,2025-11-06,full_payment
2025-11-09,inflow,receivable,4992.31,2025-11-08,full_payment
2025-11-10,outflow,payable,10237.9,2025-11-04,vendor_payment
2025-11-10,outflow,payable,10520.67,2025-11-10,vendor_payment
2025-11-11,inflow,receivable,6176.0,2025-11-09,full_payment
2025-11-12,outflow,payable,9458.87,2025-11-12,vendor_payment
2025-11-13,outflow,payable,2978.85,2025-11-09,vendor_payment
2025-11-13,outflow,payable,3345.06,2025-11-08,vendor_payment
2025-11-13,outflow,payable,9046.37,2025-11-11,vendor_payment
2025-11-13,outflow,payable,8688.74,2025-11-13,vendor_payment
2025-11-15,inflow,receivable,19336.71,2025-11-11,full_payment
2025-11-16,inflow,receivable,17685.11,2025-11-12,full_payment
2025-11-17,outflow,payable,3102.58,2025-11-15,vendor_payment
2025-11-17,outflow,payroll,41384.7,,recurring_payroll
2025-11-18,outflow,payable,9443.84,2025-11-14,vendor_payment
2025-11-18,outflow,payable,2769.0,2025-11-16,vendor_payment
2025-11-19,outflow,payable,7939.43,2025-11-18,vendor_payment
2025-11-19,inflow,receivable,17225.15,2025-11-18,full_payment
2025-11-19,inflow,receivable,17109.51,2025-11-17,full_payment
2025-11-19,inflow,receivable,5971.54,2025-11-16,full_payment
2025-11-19,inflow,receivable,18987.2,2025-11-13,full_payment
2025-11-20,outflow,payable,9533.81,2025-11-20,vendor_payment
2025-11-20,outflow,payable,9271.87,2025-11-17,vendor_payment
2025-11-21,inflow,receivable,17401.01,2025-11-19,full_payment
2025-11-22,inflow,receivable,14933.68,2025-11-14,partial_payment_installment_1
2025-11-22,outflow,payable,10749.47,2025-11-19,vendor_payment
2025-11-22,inflow,receivable,5767.62,2025-11-15,full_payment
2025-11-22,inflow,receivable,18938.78,2025-11-10,full_payment
2025-11-23,outflow,payable,3229.1,2025-11-22,vendor_payment
2025-11-23,outflow,payable,10459.1,2025-11-21,vendor_payment
2025-11-24,inflow,receivable,5976.37,2025-11-23,full_payment
2025-11-24,inflow,receivable,16958.43,2025-11-20,full_payment
2025-11-24,outflow,payable,3058.08,2025-11-23,vendor_payment
2025-11-26,outflow,payable,10784.05,2025-11-24,vendor_payment
2025-11-26,inflow,receivable,18500.08,2025-11-24,full_payment
2025-11-26,inflow,receivable,6922.42,2025-11-25,partial_payment_installment_1
2025-11-26,inflow,receivable,8224.47,2025-11-14,partial_payment_remainder
2025-11-27,outflow,payable,8144.41,2025-11-25,vendor_payment
2025-11-27,outflow,payable,9869.28,2025-11-26,vendor_payment
2025-11-27,inflow,receivable,21789.57,2025-11-07,full_payment
2025-11-28,inflow,receivable,19625.68,2025-11-21,full_payment
2025-11-29,outflow,payable,12002.95,2025-11-28,vendor_payment
2025-11-29,inflow,receivable,5712.55,2025-11-29,partial_payment_installment_1
2025-11-29,inflow,receivable,24072.74,2025-11-26,full_payment
2025-11-29,inflow,receivable,11906.33,2025-11-25,partial_payment_remainder
2025-11-30,inflow,receivable,7249.4,2025-11-22,full_payment
2025-11-30,outflow,payable,4740.78,2025-11-29,vendor_payment
2025-12-01,outflow,payable,14893.16,2025-12-01,vendor_payment
2025-12-01,inflow,receivable,25514.74,2025-11-28,full_payment
2025-12-01,outflow,payable,4670.41,2025-11-30,vendor_payment
2025-12-01,outflow,payable,9318.13,2025-11-27,vendor_payment
2025-12-01,outflow,payroll,41663.16,,recurring_payroll
2025-12-03,inflow,receivable,3644.52,2025-11-29,partial_payment_remainder
2025-12-03,outflow,payable,11825.76,2025-12-02,vendor_payment
2025-12-03,inflow,receivable,8279.64,2025-11-30,full_payment
2025-12-04,inflow,receivable,22770.28,2025-11-27,full_payment
2025-12-05,outflow,rent,9665.52,,recurring_rent
2025-12-06,inflow,receivable,28762.4,2025-12-01,full_payment
2025-12-06,outflow,payable,10088.83,2025-12-04,vendor_payment
2025-12-06,inflow,receivable,27545.55,2025-12-02,full_payment
2025-12-07,outflow,payable,2852.26,2025-12-06,vendor_payment
2025-12-07,outflow,payable,11453.01,2025-12-03,vendor_payment
2025-12-08,inflow,receivable,24729.38,2025-12-03,full_payment
2025-12-08,inflow,receivable,27004.55,2025-12-04,full_payment
2025-12-09,outflow,payable,3280.79,2025-12-07,vendor_payment
2025-12-09,inflow,receivable,18936.52,2025-12-08,full_payment
2025-12-09,outflow,payable,11703.5,2025-12-05,vendor_payment
2025-12-09,inflow,receivable,23962.1,2025-12-05,full_payment
2025-12-09,outflow,payable,9970.26,2025-12-08,vendor_payment
2025-12-09,outflow,payable,9789.37,2025-12-09,vendor_payment
2025-12-11,inflow,receivable,6233.88,2025-12-06,full_payment
2025-12-11,inflow,receivable,19610.51,2025-12-10,full_payment
2025-12-12,outflow,payable,10525.53,2025-12-11,vendor_payment
2025-12-12,outflow,payable,10997.26,2025-12-12,vendor_payment
2025-12-12,outflow,payable,8433.0,2025-12-10,vendor_payment
2025-12-13,inflow,receivable,15681.36,2025-12-09,full_payment
2025-12-14,outflow,payable,3067.14,2025-12-13,vendor_payment
2025-12-15,outflow,payable,3520.5,2025-12-14,vendor_payment
2025-12-15,outflow,payable,10680.78,2025-12-15,vendor_payment
2025-12-15,outflow,payroll,40994.47,,recurring_payroll
2025-12-16,inflow,receivable,6528.1,2025-12-13,full_payment
2025-12-17,inflow,receivable,15632.69,2025-12-15,full_payment
2025-12-17,outflow,payable,8554.91,2025-12-16,vendor_payment
2025-12-18,inflow,receivable,17755.38,2025-12-12,full_payment
2025-12-18,inflow,receivable,2538.15,2025-12-14,partial_payment_installment_1
2025-12-18,inflow,receivable,22315.46,2025-12-16,full_payment
2025-12-19,inflow,receivable,3215.71,2025-12-14,partial_payment_remainder
2025-12-20,inflow,receivable,19551.34,2025-12-19,full_payment
2025-12-20,outflow,payable,8469.81,2025-12-18,vendor_payment
2025-12-20,outflow,payable,9110.82,2025-12-17,vendor_payment
2025-12-20,inflow,receivable,14994.66,2025-12-17,full_payment
2025-12-20,inflow,receivable,15873.18,2025-12-18,full_payment
2025-12-22,outflow,payable,2616.58,2025-12-20,vendor_payment
2025-12-22,outflow,payable,8113.82,2025-12-19,vendor_payment
2025-12-22,outflow,payable,3326.08,2025-12-21,vendor_payment
2025-12-23,inflow,receivable,7494.85,2025-12-11,partial_payment_installment_1
2025-12-25,inflow,receivable,11429.62,2025-12-11,partial_payment_remainder
2025-12-25,outflow,payable,10113.58,2025-12-24,vendor_payment
2025-12-25,outflow,payable,9578.17,2025-12-22,vendor_payment
2025-12-25,inflow,receivable,2241.73,2025-12-20,partial_payment_installment_1
2025-12-27,inflow,receivable,18250.52,2025-12-24,full_payment
2025-12-27,outflow,payable,9156.54,2025-12-26,vendor_payment
2025-12-27,outflow,payable,11265.91,2025-12-23,vendor_payment
2025-12-27,outflow,payable,3739.2,2025-12-27,vendor_payment
2025-12-28,outflow,payable,3358.36,2025-12-28,vendor_payment
2025-12-28,inflow,receivable,20600.64,2025-12-26,full_payment
2025-12-28,inflow,receivable,7008.7,2025-12-21,full_payment
2025-12-28,inflow,receivable,6229.35,2025-12-07,full_payment
2025-12-29,inflow,receivable,18235.71,2025-12-22,full_payment
2025-12-29,inflow,receivable,20880.54,2025-12-25,full_payment
2025-12-29,outflow,payroll,43671.06,,recurring_payroll
2025-12-29,outflow,payable,10459.86,2025-12-25,vendor_payment
2025-12-30,outflow,payable,11013.53,2025-12-30,vendor_payment
2025-12-31,inflow,receivable,13278.56,2025-12-29,partial_payment_installment_1
2025-12-31,inflow,receivable,3584.63,2025-12-20,partial_payment_remainder
2026-01-01,inflow,receivable,18456.37,2025-12-23,full_payment
2026-01-01,outflow,payable,12412.67,2025-12-29,vendor_payment
2026-01-02,outflow,payable,11603.58,2026-01-01,vendor_payment
2026-01-03,inflow,receivable,8583.14,2025-12-28,full_payment
2026-01-03,inflow,receivable,22877.04,2026-01-01,full_payment
2026-01-04,outflow,payable,3690.02,2026-01-03,vendor_payment
2026-01-04,outflow,payable,12977.01,2026-01-02,vendor_payment
2026-01-04,inflow,receivable,21928.84,2025-12-30,full_payment
2026-01-04,inflow,receivable,9501.2,2025-12-29,partial_payment_remainder
2026-01-04,inflow,receivable,6825.23,2025-12-27,full_payment
2026-01-05,inflow,receivable,27656.8,2025-12-31,full_payment
2026-01-05,inflow,receivable,8397.12,2026-01-03,full_payment
2026-01-05,outflow,rent,9529.2,,recurring_rent
2026-01-06,outflow,payable,3313.93,2026-01-04,vendor_payment
2026-01-06,outflow,payable,9867.09,2026-01-06,vendor_payment
2026-01-07,inflow,receivable,24503.06,2026-01-02,full_payment
2026-01-07,outflow,payable,15082.21,2025-12-31,vendor_payment
2026-01-08,inflow,receivable,26540.43,2026-01-05,full_payment
2026-01-09,inflow,receivable,6287.56,2026-01-04,full_payment
2026-01-09,outflow,payable,11321.28,2026-01-05,vendor_payment
2026-01-11,inflow,receivable,20703.99,2026-01-06,full_payment
2026-01-11,inflow,receivable,18373.08,2026-01-07,full_payment
2026-01-11,inflow,receivable,18609.03,2026-01-09,full_payment
2026-01-11,inflow,receivable,6450.24,2026-01-10,full_payment
2026-01-11,outflow,payable,10132.04,2026-01-09,vendor_payment
2026-01-12,outflow,payable,3683.93,2026-01-10,vendor_payment
2026-01-12,outflow,payroll,41919.04,,recurring_payroll
2026-01-12,outflow,payable,3038.61,2026-01-11,vendor_payment
2026-01-13,outflow,payable,8913.83,2026-01-08,vendor_payment
2026-01-13,inflow,receivable,18011.21,2026-01-08,full_payment
2026-01-13,outflow,payable,9024.95,2026-01-07,vendor_payment
2026-01-14,outflow,payable,9217.25,2026-01-12,vendor_payment
2026-01-15,outflow,payable,9720.87,2026-01-14,vendor_payment
2026-01-15,outflow,payable,8415.25,2026-01-13,vendor_payment
2026-01-16,inflow,receivable,20272.84,2026-01-12,full_payment
2026-01-16,inflow,receivable,5775.36,2026-01-11,full_payment
2026-01-17,outflow,payable,8653.39,2026-01-15,vendor_payment
2026-01-17,outflow,payable,11149.3,2026-01-16,vendor_payment
2026-01-17,inflow,receivable,8966.74,2026-01-13,partial_payment_installment_1
2026-01-17,inflow,receivable,18883.04,2026-01-14,full_payment
2026-01-17,inflow,receivable,6229.34,2026-01-17,full_payment
2026-01-18,outflow,payable,3375.11,2026-01-18,vendor_payment
2026-01-18,outflow,payable,3484.35,2026-01-17,vendor_payment
2026-01-19,inflow,receivable,7466.75,2026-01-18,full_payment
2026-01-20,outflow,payable,11051.01,2026-01-19,vendor_payment
2026-01-21,inflow,receivable,19196.44,2026-01-16,full_payment
2026-01-22,inflow,receivable,19740.19,2026-01-19,full_payment
2026-01-22,outflow,payable,9262.95,2026-01-21,vendor_payment
2026-01-23,outflow,payable,8841.04,2026-01-20,vendor_payment
2026-01-23,inflow,receivable,10081.62,2026-01-15,partial_payment_installment_1
2026-01-23,outflow,payable,10140.22,2026-01-22,vendor_payment
2026-01-24,outflow,payable,10398.09,2026-01-23,vendor_payment
2026-01-24,inflow,receivable,7069.58,2026-01-13,partial_payment_remainder
2026-01-25,outflow,payable,3552.23,2026-01-24,vendor_payment
2026-01-26,outflow,payroll,42541.39,,recurring_payroll
2026-01-26,outflow,payable,2936.49,2026-01-25,vendor_payment
2026-01-27,inflow,receivable,5717.4,2026-01-25,full_payment
2026-01-28,inflow,receivable,17217.02,2026-01-20,full_payment
2026-01-28,outflow,payable,10717.56,2026-01-27,vendor_payment
2026-01-28,inflow,receivable,18955.7,2026-01-26,full_payment
2026-01-28,inflow,receivable,6354.98,2026-01-21,partial_payment_installment_1
2026-01-29,inflow,receivable,11068.93,2026-01-22,partial_payment_installment_1
2026-01-29,outflow,payable,11268.91,2026-01-26,vendor_payment
2026-01-30,inflow,receivable,6322.59,2026-01-24,full_payment
2026-01-30,inflow,receivable,19844.6,2026-01-23,full_payment
2026-01-30,outflow,payable,14693.79,2026-01-30,vendor_payment
2026-01-31,inflow,receivable,8159.95,2026-01-22,partial_payment_remainder
2026-01-31,inflow,receivable,7100.78,2026-01-15,partial_payment_remainder
2026-01-31,inflow,receivable,21262.7,2026-01-27,full_payment
2026-01-31,inflow,receivable,11720.01,2026-01-29,partial_payment_installment_1
2026-02-01,outflow,payable,11979.72,2026-01-29,vendor_payment
2026-02-01,outflow,payable,4905.91,2026-01-31,vendor_payment
2026-02-02,outflow,payable,11932.71,2026-01-28,vendor_payment
2026-02-02,outflow,payable,4638.34,2026-02-01,vendor_payment
2026-02-03,inflow,receivable,29129.62,2026-02-02,full_payment
2026-02-03,inflow,receivable,7951.06,2026-01-29,partial_payment_remainder
2026-02-03,outflow,payable,14716.35,2026-02-02,vendor_payment
2026-02-03,inflow,receivable,10716.58,2026-01-21,partial_payment_remainder
2026-02-04,inflow,receivable,5023.75,2026-02-01,partial_payment_installment_1
2026-02-04,inflow,receivable,26640.49,2026-01-30,full_payment
2026-02-04,outflow,payable,11598.99,2026-02-03,vendor_payment
2026-02-05,inflow,receivable,3100.01,2026-02-01,partial_payment_remainder
2026-02-05,outflow,payable,10327.18,2026-02-05,vendor_payment
2026-02-05,outflow,payable,9127.68,2026-02-04,vendor_payment
2026-02-05,inflow,receivable,18569.53,2026-01-28,full_payment
2026-02-05,outflow,rent,9516.59,,recurring_rent
2026-02-06,inflow,receivable,12649.62,2026-02-04,partial_payment_installment_1
2026-02-06,inflow,receivable,8415.75,2026-02-04,partial_payment_remainder
2026-02-07,inflow,receivable,19738.51,2026-02-03,full_payment
2026-02-08,outflow,payable,10366.33,2026-02-06,vendor_payment
2026-02-08,inflow,receivable,6517.85,2026-02-07,full_payment
2026-02-08,outflow,payable,3215.29,2026-02-08,vendor_payment
2026-02-09,outflow,payable,12697.21,2026-02-09,vendor_payment
2026-02-09,outflow,payable,2992.73,2026-02-07,vendor_payment
2026-02-09,inflow,receivable,13649.7,2026-02-05,partial_payment_installment_1
2026-02-09,outflow,payroll,41549.03,,recurring_payroll
2026-02-11,outflow,payable,8798.59,2026-02-10,vendor_payment
2026-02-12,outflow,payable,10086.74,2026-02-11,vendor_payment
2026-02-13,outflow,payable,8894.73,2026-02-12,vendor_payment
2026-02-13,inflow,receivable,19864.01,2026-02-09,full_payment
2026-02-14,inflow,receivable,6852.45,2026-01-31,partial_payment_installment_1
2026-02-14,inflow,receivable,8813.39,2026-02-05,partial_payment_remainder
2026-02-14,inflow,receivable,22745.98,2026-02-12,full_payment
2026-02-14,inflow,receivable,2735.79,2026-02-08,partial_payment_installment_1
2026-02-15,outflow,payable,8630.29,2026-02-13,vendor_payment
2026-02-16,inflow,receivable,6323.58,2026-02-14,full_payment
2026-02-17,outflow,payable,3297.7,2026-02-14,vendor_payment
2026-02-18,outflow,payable,3073.97,2026-02-15,vendor_payment
2026-02-18,outflow,payable,9190.74,2026-02-17,vendor_payment
2026-02-18,inflow,receivable,16605.81,2026-02-16,full_payment
2026-02-19,outflow,payable,12010.5,2026-02-16,vendor_payment
2026-02-19,outflow,payable,8040.93,2026-02-18,vendor_payment
2026-02-19,inflow,receivable,2067.95,2026-01-31,partial_payment_remainder
2026-02-20,inflow,receivable,17742.48,2026-02-10,full_payment
2026-02-20,inflow,receivable,3201.64,2026-02-15,partial_payment_installment_1
2026-02-20,inflow,receivable,21578.73,2026-02-17,full_payment
2026-02-20,outflow,payable,7770.08,2026-02-19,vendor_payment
2026-02-21,inflow,receivable,2226.41,2026-02-08,partial_payment_remainder
2026-02-21,inflow,receivable,7578.3,2026-02-06,partial_payment_installment_1
2026-02-21,outflow,payable,9204.58,2026-02-20,vendor_payment
2026-02-22,inflow,receivable,3078.01,2026-02-15,partial_payment_remainder
2026-02-23,inflow,receivable,7674.49,2026-02-11,partial_payment_installment_1
2026-02-23,outflow,payroll,41116.38,,recurring_payroll
2026-02-23,outflow,payable,2582.67,2026-02-22,vendor_payment
2026-02-24,inflow,receivable,10770.56,2026-02-13,partial_payment_installment_1
2026-02-24,inflow,receivable,7460.06,2026-02-21,full_payment
2026-02-24,outflow,payable,10776.93,2026-02-23,vendor_payment
2026-02-24,outflow,payable,2961.63,2026-02-21,vendor_payment
2026-02-25,outflow,payable,9712.89,2026-02-24,vendor_payment
2026-02-26,inflow,receivable,5806.29,2026-02-22,full_payment
2026-02-26,outflow,payable,10106.94,2026-02-25,vendor_payment
2026-02-26,inflow,receivable,16154.97,2026-02-18,full_payment
2026-02-27,inflow,receivable,7674.83,2026-02-13,partial_payment_remainder
2026-02-28,inflow,receivable,19146.28,2026-02-25,full_payment
2026-02-28,outflow,payable,10944.75,2026-02-26,vendor_payment
2026-02-28,inflow,receivable,18755.54,2026-02-19,full_payment
2026-02-28,inflow,receivable,9509.84,2026-02-11,partial_payment_remainder
2026-03-01,outflow,payable,4454.47,2026-02-28,vendor_payment
2026-03-01,outflow,payable,14698.69,2026-02-27,vendor_payment
2026-03-02,inflow,receivable,8264.52,2026-02-28,full_payment
2026-03-02,inflow,receivable,11391.05,2026-02-06,partial_payment_remainder
2026-03-02,outflow,payable,14882.73,2026-03-02,vendor_payment
2026-03-03,inflow,receivable,28688.13,2026-02-26,full_payment
2026-03-04,inflow,receivable,27466.84,2026-02-27,full_payment
2026-03-05,inflow,receivable,11157.37,2026-02-20,partial_payment_installment_1
2026-03-05,outflow,payable,5401.84,2026-03-01,vendor_payment
2026-03-05,inflow,receivable,18657.53,2026-02-23,full_payment
2026-03-05,outflow,rent,9475.09,,recurring_rent
2026-03-07,outflow,payable,11664.17,2026-03-05,vendor_payment
2026-03-07,inflow,receivable,10546.4,2026-02-20,partial_payment_remainder
2026-03-07,inflow,receivable,8839.76,2026-03-06,partial_payment_installment_1
2026-03-07,inflow,receivable,20294.46,2026-03-05,full_payment
2026-03-08,inflow,receivable,28916.33,2026-03-02,full_payment
2026-03-08,inflow,receivable,5864.9,2026-03-08,full_payment
2026-03-08,outflow,payable,2840.28,2026-03-07,vendor_payment
2026-03-08,outflow,payable,12269.55,2026-03-03,vendor_payment
2026-03-08,inflow,receivable,17960.83,2026-02-24,full_payment
2026-03-09,outflow,payable,10038.6,2026-03-06,vendor_payment
2026-03-09,outflow,payable,3109.46,2026-03-08,vendor_payment
2026-03-09,outflow,payroll,41803.54,,recurring_payroll
2026-03-10,outflow,payable,11557.47,2026-03-09,vendor_payment
2026-03-10,outflow,payable,7975.52,2026-03-10,vendor_payment
2026-03-11,inflow,receivable,12853.43,2026-03-03,partial_payment_installment_1
2026-03-11,outflow,payable,9947.15,2026-03-04,vendor_payment
2026-03-11,outflow,payable,9028.31,2026-03-11,vendor_payment
2026-03-12,inflow,receivable,17007.92,2026-03-11,full_payment
2026-03-13,inflow,receivable,16348.87,2026-03-04,full_payment
2026-03-13,outflow,payable,9354.23,2026-03-13,vendor_payment
2026-03-14,outflow,payable,8090.74,2026-03-12,vendor_payment
2026-03-14,inflow,receivable,11370.24,2026-03-06,partial_payment_remainder
2026-03-15,outflow,payable,3723.8,2026-03-15,vendor_payment
2026-03-15,outflow,payable,2630.38,2026-03-14,vendor_payment
2026-03-15,inflow,receivable,13960.2,2026-03-03,partial_payment_remainder
2026-03-16,outflow,payable,9375.4,2026-03-16,vendor_payment
2026-03-16,inflow,receivable,5578.17,2026-03-15,full_payment
2026-03-16,inflow,receivable,20361.92,2026-03-09,full_payment
2026-03-16,inflow,receivable,7370.92,2026-03-01,full_payment
2026-03-18,inflow,receivable,22263.6,2026-03-10,full_payment
2026-03-18,inflow,receivable,17880.57,2026-03-17,full_payment
2026-03-18,outflow,payable,9657.43,2026-03-18,vendor_payment
2026-03-19,outflow,payable,10176.22,2026-03-17,vendor_payment
2026-03-19,inflow,receivable,16565.63,2026-03-12,full_payment
2026-03-20,inflow,receivable,24922.83,2026-03-16,full_payment
2026-03-20,outflow,payable,8819.29,2026-03-19,vendor_payment
2026-03-21,inflow,receivable,5970.35,2026-03-07,full_payment
2026-03-22,inflow,receivable,6158.91,2026-03-21,full_payment
2026-03-22,inflow,receivable,19042.1,2026-03-20,full_payment
2026-03-22,inflow,receivable,16446.76,2026-03-18,full_payment
2026-03-22,outflow,payable,10373.22,2026-03-20,vendor_payment
2026-03-23,outflow,payroll,42925.0,,recurring_payroll
2026-03-23,outflow,payable,3061.69,2026-03-21,vendor_payment
2026-03-23,outflow,payable,2979.63,2026-03-22,vendor_payment
2026-03-24,outflow,payable,9269.32,2026-03-23,vendor_payment
2026-03-25,inflow,receivable,17503.73,2026-03-23,full_payment
2026-03-25,inflow,receivable,5639.36,2026-03-14,full_payment
2026-03-25,outflow,payable,11201.16,2026-03-24,vendor_payment
2026-03-25,inflow,receivable,17024.51,2026-03-13,full_payment
2026-03-26,inflow,receivable,17474.55,2026-03-25,full_payment
2026-03-26,outflow,payable,8672.44,2026-03-25,vendor_payment
2026-03-27,outflow,payable,8881.19,2026-03-26,vendor_payment
2026-03-28,outflow,payable,3964.76,2026-03-28,vendor_payment
2026-03-29,inflow,receivable,12104.48,2026-03-24,partial_payment_installment_1
2026-03-29,outflow,payable,3688.67,2026-03-29,vendor_payment
2026-03-29,inflow,receivable,18810.56,2026-03-19,full_payment
2026-03-29,inflow,receivable,16705.72,2026-03-26,full_payment
2026-03-31,outflow,payable,12401.34,2026-03-27,vendor_payment
2026-03-31,inflow,receivable,7297.46,2026-03-28,full_payment
2026-04-01,outflow,payable,15715.78,2026-03-30,vendor_payment
2026-04-02,inflow,receivable,3821.32,2026-03-24,partial_payment_remainder
2026-04-02,inflow,receivable,28182.15,2026-03-30,full_payment
2026-04-03,inflow,receivable,30879.61,2026-04-01,full_payment
2026-04-03,inflow,receivable,24235.58,2026-04-03,full_payment
2026-04-03,outflow,payable,12887.14,2026-04-01,vendor_payment
2026-04-03,outflow,payable,12181.65,2026-04-02,vendor_payment
2026-04-03,outflow,payable,11691.05,2026-03-31,vendor_payment
2026-04-04,inflow,receivable,21318.72,2026-04-02,full_payment
2026-04-04,outflow,payable,15260.44,2026-04-03,vendor_payment
2026-04-05,outflow,rent,9732.37,,recurring_rent
2026-04-05,outflow,payable,3841.08,2026-04-04,vendor_payment
2026-04-05,inflow,receivable,8324.83,2026-04-04,full_payment
2026-04-05,inflow,receivable,22213.27,2026-03-27,full_payment
2026-04-06,outflow,payable,3596.57,2026-04-05,vendor_payment
2026-04-06,outflow,payroll,41562.59,,recurring_payroll
2026-04-06,inflow,receivable,25073.55,2026-03-31,full_payment
2026-04-07,outflow,payable,7953.86,2026-04-07,vendor_payment
2026-04-07,inflow,receivable,7444.36,2026-04-05,full_payment
2026-04-08,outflow,payable,8038.82,2026-04-08,vendor_payment
2026-04-10,outflow,payable,9637.62,2026-04-09,vendor_payment
2026-04-10,inflow,receivable,15593.26,2026-04-09,partial_payment_installment_1
2026-04-10,inflow,receivable,19778.85,2026-04-08,full_payment
2026-04-11,inflow,receivable,15278.21,2026-04-10,partial_payment_installment_1
2026-04-11,outflow,payable,10246.89,2026-04-06,vendor_payment
2026-04-11,inflow,receivable,19835.35,2026-04-07,full_payment
2026-04-11,inflow,receivable,7139.44,2026-03-29,full_payment
2026-04-12,outflow,payable,10546.55,2026-04-10,vendor_payment
2026-04-12,outflow,payable,2427.41,2026-04-11,vendor_payment
2026-04-12,inflow,receivable,10394.83,2026-04-10,partial_payment_remainder
2026-04-13,outflow,payable,3023.32,2026-04-12,vendor_payment
2026-04-15,inflow,receivable,6592.32,2026-03-22,full_payment
2026-04-15,outflow,payable,8893.92,2026-04-14,vendor_payment
2026-04-16,outflow,payable,9601.93,2026-04-15,vendor_payment
2026-04-16,inflow,receivable,18256.92,2026-04-16,full_payment
2026-04-16,inflow,receivable,20283.6,2026-04-06,full_payment
2026-04-16,inflow,receivable,7152.7,2026-04-11,full_payment
2026-04-17,inflow,receivable,19446.55,2026-04-15,full_payment
2026-04-17,inflow,receivable,6316.05,2026-04-12,full_payment
2026-04-17,inflow,receivable,4797.51,2026-04-09,partial_payment_remainder
2026-04-18,inflow,receivable,19058.62,2026-04-13,full_payment
2026-04-18,outflow,payable,10434.1,2026-04-13,vendor_payment
2026-04-18,outflow,payable,9201.33,2026-04-16,vendor_payment
2026-04-18,outflow,payable,11901.37,2026-04-17,vendor_payment
2026-04-18,outflow,payable,3224.08,2026-04-18,vendor_payment
2026-04-20,outflow,payroll,41268.75,,recurring_payroll
2026-04-21,inflow,receivable,19026.98,2026-04-14,full_payment
2026-04-21,outflow,payable,3034.75,2026-04-19,vendor_payment
2026-04-21,outflow,payable,10046.14,2026-04-20,vendor_payment
2026-04-23,outflow,payable,7833.32,2026-04-23,vendor_payment
2026-04-23,outflow,payable,9760.72,2026-04-21,vendor_payment
2026-04-23,inflow,receivable,18584.71,2026-04-17,full_payment
2026-04-23,inflow,receivable,5361.33,2026-04-18,full_payment
2026-04-23,inflow,receivable,24160.08,2026-04-20,full_payment
2026-04-24,inflow,receivable,14666.64,2026-04-21,full_payment
2026-04-25,outflow,payable,11672.37,2026-04-24,vendor_payment
2026-04-26,outflow,payable,8706.95,2026-04-22,vendor_payment
2026-04-26,inflow,receivable,5656.4,2026-04-19,full_payment
2026-04-26,outflow,payable,3225.29,2026-04-26,vendor_payment
2026-04-27,outflow,payable,3082.68,2026-04-25,vendor_payment
2026-04-28,inflow,receivable,2639.78,2026-04-26,partial_payment_installment_1
2026-04-28,outflow,payable,13506.25,2026-04-27,vendor_payment
2026-04-28,inflow,receivable,8000.21,2026-04-25,full_payment
2026-04-29,inflow,receivable,17378.73,2026-04-22,full_payment
2026-04-29,outflow,payable,12628.43,2026-04-28,vendor_payment
2026-04-29,inflow,receivable,20043.6,2026-04-28,full_payment
2026-04-30,outflow,payable,13670.18,2026-04-29,vendor_payment
2026-05-02,inflow,receivable,14299.31,2026-04-29,partial_payment_installment_1
2026-05-02,inflow,receivable,2215.32,2026-04-26,partial_payment_remainder
2026-05-02,outflow,payable,15841.72,2026-04-30,vendor_payment
2026-05-03,inflow,receivable,11827.45,2026-04-27,partial_payment_installment_1
2026-05-03,inflow,receivable,18115.5,2026-04-27,partial_payment_remainder
2026-05-04,inflow,receivable,8232.77,2026-05-02,full_payment
2026-05-04,outflow,payable,15943.82,2026-05-01,vendor_payment
2026-05-04,inflow,receivable,22796.3,2026-04-30,full_payment
2026-05-04,inflow,receivable,18232.19,2026-04-24,full_payment
2026-05-04,outflow,payable,3891.52,2026-05-02,vendor_payment
2026-05-04,outflow,payable,4175.14,2026-05-03,vendor_payment
2026-05-04,outflow,payroll,42130.59,,recurring_payroll
2026-05-05,outflow,rent,9623.98,,recurring_rent
2026-05-05,outflow,payable,11831.57,2026-05-04,vendor_payment
2026-05-05,inflow,receivable,6663.16,2026-04-29,partial_payment_remainder
2026-05-06,inflow,receivable,6429.71,2026-05-03,full_payment
2026-05-07,inflow,receivable,13140.68,2026-04-23,partial_payment_installment_1
2026-05-07,outflow,payable,7725.8,2026-05-07,vendor_payment
2026-05-08,outflow,payable,9512.23,2026-05-06,vendor_payment
2026-05-09,outflow,payable,3140.58,2026-05-09,vendor_payment
2026-05-09,inflow,receivable,25874.31,2026-05-01,full_payment
2026-05-10,inflow,receivable,7598.72,2026-04-23,partial_payment_remainder
2026-05-10,outflow,payable,10519.48,2026-05-05,vendor_payment
2026-05-11,inflow,receivable,20221.23,2026-05-08,full_payment
2026-05-11,inflow,receivable,5940.35,2026-05-10,full_payment
2026-05-12,outflow,payable,11283.78,2026-05-11,vendor_payment
2026-05-12,inflow,receivable,21091.73,2026-05-06,full_payment
2026-05-12,inflow,receivable,9692.57,2026-05-07,partial_payment_installment_1
2026-05-12,outflow,payable,8356.89,2026-05-08,vendor_payment
2026-05-13,inflow,receivable,4102.16,2026-05-09,partial_payment_installment_1
2026-05-13,inflow,receivable,12154.47,2026-05-07,partial_payment_remainder
2026-05-13,outflow,payable,10162.38,2026-05-12,vendor_payment
2026-05-14,inflow,receivable,26704.6,2026-05-04,full_payment
2026-05-14,inflow,receivable,21775.73,2026-05-11,full_payment
2026-05-14,outflow,payable,10371.19,2026-05-13,vendor_payment
2026-05-16,outflow,payable,10809.93,2026-05-15,vendor_payment
2026-05-16,outflow,payable,3149.26,2026-05-10,vendor_payment
2026-05-17,inflow,receivable,1660.36,2026-05-09,partial_payment_remainder
2026-05-17,outflow,payable,3086.68,2026-05-17,vendor_payment
2026-05-17,outflow,payable,3149.47,2026-05-16,vendor_payment
2026-05-18,outflow,payable,8403.93,2026-05-14,vendor_payment
2026-05-18,inflow,receivable,14296.92,2026-05-05,full_payment
2026-05-18,outflow,payroll,42419.18,,recurring_payroll
2026-05-19,inflow,receivable,6264.0,2026-05-16,full_payment
2026-05-19,inflow,receivable,27089.72,2026-05-15,full_payment
2026-05-20,outflow,payable,8708.63,2026-05-18,vendor_payment
2026-05-21,outflow,payable,9274.17,2026-05-19,vendor_payment
2026-05-21,inflow,receivable,16828.33,2026-05-12,full_payment
2026-05-21,inflow,receivable,22299.53,2026-05-19,full_payment
2026-05-22,outflow,payable,9403.34,2026-05-20,vendor_payment
2026-05-22,inflow,receivable,6159.46,2026-05-17,full_payment
2026-05-22,outflow,payable,12251.3,2026-05-22,vendor_payment
2026-05-23,outflow,payable,8713.4,2026-05-21,vendor_payment
2026-05-23,inflow,receivable,9289.53,2026-05-14,partial_payment_installment_1
2026-05-24,inflow,receivable,5689.07,2026-05-23,full_payment
2026-05-25,inflow,receivable,16857.79,2026-05-20,full_payment
2026-05-25,inflow,receivable,25810.14,2026-05-22,full_payment
2026-05-26,inflow,receivable,16782.08,2026-05-18,full_payment
2026-05-26,inflow,receivable,16436.37,2026-05-21,partial_payment_installment_1
2026-05-26,inflow,receivable,9252.2,2026-05-14,partial_payment_remainder
2026-05-26,inflow,receivable,7299.64,2026-05-24,full_payment
2026-05-26,inflow,receivable,8271.22,2026-05-13,partial_payment_installment_1
2026-05-26,outflow,payable,3262.39,2026-05-24,vendor_payment
2026-05-28,outflow,payable,9536.46,2026-05-27,vendor_payment
2026-05-28,outflow,payable,2693.36,2026-05-23,vendor_payment
2026-05-29,outflow,payable,11682.82,2026-05-25,vendor_payment
2026-05-29,outflow,payable,8691.12,2026-05-26,vendor_payment
2026-05-29,inflow,receivable,17669.68,2026-05-25,full_payment
2026-05-29,inflow,receivable,11706.18,2026-05-13,partial_payment_remainder
2026-05-29,outflow,payable,12330.26,2026-05-28,vendor_payment
2026-05-30,inflow,receivable,4365.7,2026-05-21,partial_payment_remainder
2026-05-31,outflow,payable,13292.38,2026-05-29,vendor_payment
2026-06-01,outflow,payroll,43379.99,,recurring_payroll
2026-06-01,outflow,payable,5258.07,2026-05-31,vendor_payment
2026-06-01,outflow,payable,5019.78,2026-05-30,vendor_payment
2026-06-02,inflow,receivable,12392.77,2026-05-26,full_payment
2026-06-02,inflow,receivable,8383.31,2026-05-30,full_payment
2026-06-02,outflow,payable,12783.13,2026-06-01,vendor_payment
2026-06-03,inflow,receivable,27387.48,2026-06-01,full_payment
2026-06-03,inflow,receivable,21929.54,2026-05-28,full_payment
2026-06-04,outflow,payable,12802.51,2026-06-02,vendor_payment
2026-06-04,inflow,receivable,20274.39,2026-05-27,full_payment
2026-06-05,inflow,receivable,21976.05,2026-06-02,full_payment
2026-06-05,outflow,rent,9431.5,,recurring_rent
2026-06-05,outflow,payable,11970.45,2026-06-05,vendor_payment
2026-06-05,inflow,receivable,19060.22,2026-06-03,full_payment
2026-06-06,inflow,receivable,18592.62,2026-06-05,full_payment
2026-06-06,outflow,payable,11048.49,2026-06-03,vendor_payment
2026-06-07,outflow,payable,10655.34,2026-06-04,vendor_payment
2026-06-08,inflow,receivable,6795.25,2026-06-06,full_payment
2026-06-08,inflow,receivable,8044.63,2026-06-07,full_payment
2026-06-08,outflow,payable,2670.81,2026-06-07,vendor_payment
2026-06-10,outflow,payable,8114.08,2026-06-09,vendor_payment
2026-06-10,outflow,payable,2804.05,2026-06-06,vendor_payment
2026-06-10,outflow,payable,8904.23,2026-06-08,vendor_payment
2026-06-11,inflow,receivable,19161.14,2026-06-08,full_payment
2026-06-12,inflow,receivable,21885.79,2026-05-29,full_payment
2026-06-12,inflow,receivable,15304.64,2026-06-11,full_payment
2026-06-13,inflow,receivable,18478.97,2026-06-04,full_payment
2026-06-13,outflow,payable,7060.34,2026-06-11,vendor_payment
2026-06-14,inflow,receivable,6646.72,2026-05-31,full_payment
2026-06-14,outflow,payable,10244.81,2026-06-10,vendor_payment
2026-06-14,outflow,payable,11709.09,2026-06-12,vendor_payment
2026-06-15,outflow,payroll,42297.15,,recurring_payroll
2026-06-15,inflow,receivable,19498.28,2026-06-09,full_payment
2026-06-16,inflow,receivable,5842.46,2026-06-13,full_payment
2026-06-16,outflow,payable,8662.86,2026-06-16,vendor_payment
2026-06-17,inflow,receivable,18135.61,2026-06-15,full_payment
2026-06-17,outflow,payable,2808.41,2026-06-14,vendor_payment
2026-06-18,inflow,receivable,22187.78,2026-06-12,full_payment
2026-06-18,inflow,receivable,7626.87,2026-06-14,full_payment
2026-06-19,outflow,payable,2988.8,2026-06-13,vendor_payment
2026-06-19,outflow,payable,8543.19,2026-06-18,vendor_payment
2026-06-19,outflow,payable,11980.0,2026-06-19,vendor_payment
2026-06-20,outflow,payable,9196.39,2026-06-15,vendor_payment
2026-06-20,outflow,payable,3112.05,2026-06-20,vendor_payment
2026-06-20,inflow,receivable,20955.71,2026-06-19,full_payment
2026-06-21,outflow,payable,8978.02,2026-06-17,vendor_payment
2026-06-21,inflow,receivable,9679.14,2026-06-18,partial_payment_installment_1
2026-06-21,inflow,receivable,20925.97,2026-06-16,full_payment
2026-06-22,inflow,receivable,6358.24,2026-06-18,partial_payment_remainder
2026-06-22,inflow,receivable,18055.75,2026-06-17,full_payment
2026-06-22,outflow,payable,2752.32,2026-06-21,vendor_payment
2026-06-23,outflow,payable,9845.43,2026-06-22,vendor_payment
2026-06-24,inflow,receivable,22469.73,2026-06-22,full_payment
2026-06-25,outflow,payable,8857.08,2026-06-24,vendor_payment
2026-06-25,outflow,payable,10533.31,2026-06-23,vendor_payment
2026-06-26,inflow,receivable,17295.74,2026-06-10,full_payment
2026-06-26,outflow,payable,8494.5,2026-06-25,vendor_payment
2026-06-27,inflow,receivable,6049.96,2026-06-20,full_payment
2026-06-27,inflow,receivable,18818.58,2026-06-24,full_payment
2026-06-28,inflow,receivable,25602.53,2026-06-26,full_payment
2026-06-28,outflow,payable,3863.11,2026-06-28,vendor_payment
2026-06-28,inflow,receivable,16612.9,2026-06-23,full_payment
2026-06-29,outflow,payroll,42540.95,,recurring_payroll
2026-06-29,outflow,payable,11727.64,2026-06-29,vendor_payment
2026-06-29,outflow,payable,9876.67,2026-06-26,vendor_payment
2026-06-30,outflow,payable,4148.53,2026-06-27,vendor_payment
2026-06-30,inflow,receivable,7208.47,2026-06-21,full_payment
2026-07-01,inflow,receivable,24667.13,2026-06-30,full_payment
2026-07-01,inflow,receivable,9363.06,2026-06-27,full_payment
2026-07-02,outflow,payable,14823.23,2026-06-30,vendor_payment
2026-07-02,outflow,payable,12844.27,2026-07-02,vendor_payment
2026-07-02,outflow,payable,10320.34,2026-07-01,vendor_payment
2026-07-02,inflow,receivable,27739.73,2026-06-29,full_payment
2026-07-05,inflow,receivable,7214.26,2026-06-28,full_payment
2026-07-05,inflow,receivable,22580.74,2026-06-25,full_payment
2026-07-05,outflow,rent,9474.01,,recurring_rent
2026-07-06,outflow,payable,13510.95,2026-07-03,vendor_payment
2026-07-06,outflow,payable,3868.4,2026-07-04,vendor_payment
2026-07-06,inflow,receivable,23392.61,2026-07-01,full_payment
2026-07-07,inflow,receivable,25492.73,2026-07-02,full_payment
2026-07-07,outflow,payable,3049.24,2026-07-05,vendor_payment
2026-07-08,outflow,payable,11317.94,2026-07-06,vendor_payment
2026-07-08,inflow,receivable,19768.38,2026-07-07,full_payment
2026-07-08,inflow,receivable,7743.15,2026-07-05,full_payment
2026-07-08,inflow,receivable,6060.1,2026-07-04,full_payment
2026-07-08,outflow,payable,9643.25,2026-07-07,vendor_payment
2026-07-09,outflow,payable,8738.7,2026-07-08,vendor_payment
2026-07-09,outflow,payable,7810.06,2026-07-09,vendor_payment
2026-07-09,inflow,receivable,26993.19,2026-07-03,full_payment
2026-07-09,inflow,receivable,6249.56,2026-07-06,partial_payment_installment_1
2026-07-10,inflow,receivable,13819.51,2026-07-06,partial_payment_remainder
2026-07-11,inflow,receivable,20012.98,2026-07-09,full_payment
2026-07-11,inflow,receivable,18775.64,2026-07-08,full_payment
2026-07-13,outflow,payable,12162.55,2026-07-10,vendor_payment
2026-07-13,outflow,payable,2447.96,2026-07-12,vendor_payment
2026-07-13,outflow,payable,12135.23,2026-07-13,vendor_payment
2026-07-13,outflow,payroll,42604.19,,recurring_payroll
2026-07-14,inflow,receivable,2925.99,2026-07-12,partial_payment_installment_1
2026-07-14,inflow,receivable,19667.7,2026-07-10,full_payment
2026-07-15,outflow,payable,7202.52,2026-07-14,vendor_payment
2026-07-15,outflow,payable,3605.78,2026-07-11,vendor_payment
2026-07-17,outflow,payable,8757.08,2026-07-17,vendor_payment
2026-07-18,outflow,payable,3093.78,2026-07-18,vendor_payment
2026-07-18,inflow,receivable,19817.93,2026-07-16,full_payment
2026-07-19,outflow,payable,10099.22,2026-07-15,vendor_payment
2026-07-19,outflow,payable,7863.01,2026-07-16,vendor_payment
2026-07-19,inflow,receivable,3936.81,2026-07-12,partial_payment_remainder
2026-07-20,outflow,payable,3266.79,2026-07-19,vendor_payment
2026-07-21,inflow,receivable,6951.95,2026-07-11,full_payment
2026-07-22,outflow,payable,9295.15,2026-07-22,vendor_payment
2026-07-22,inflow,receivable,7924.22,2026-07-14,partial_payment_installment_1
2026-07-23,outflow,payable,12497.67,2026-07-20,vendor_payment
2026-07-23,inflow,receivable,16036.73,2026-07-13,full_payment
2026-07-23,inflow,receivable,6622.02,2026-07-19,full_payment
2026-07-23,outflow,payable,8738.3,2026-07-21,vendor_payment
2026-07-23,outflow,payable,8007.41,2026-07-23,vendor_payment
2026-07-24,inflow,receivable,7738.7,2026-07-20,partial_payment_installment_1
2026-07-25,inflow,receivable,19134.28,2026-07-22,full_payment
2026-07-25,inflow,receivable,8844.59,2026-07-23,partial_payment_installment_1
2026-07-25,inflow,receivable,16052.12,2026-07-17,full_payment
2026-07-26,inflow,receivable,11434.33,2026-07-20,partial_payment_remainder
2026-07-26,inflow,receivable,22966.04,2026-07-21,full_payment
2026-07-26,inflow,receivable,7077.72,2026-07-23,partial_payment_remainder
2026-07-26,outflow,payable,10411.48,2026-07-24,vendor_payment
2026-07-26,inflow,receivable,10069.3,2026-07-14,partial_payment_remainder
2026-07-27,inflow,receivable,19777.51,2026-07-24,full_payment
2026-07-27,outflow,payroll,41031.47,,recurring_payroll
2026-07-27,outflow,payable,2967.45,2026-07-25,vendor_payment
2026-07-28,inflow,receivable,6150.71,2026-07-26,full_payment
2026-07-28,outflow,payable,9449.55,2026-07-28,vendor_payment
2026-07-28,outflow,payable,12709.17,2026-07-27,vendor_payment
2026-07-28,outflow,payable,2539.58,2026-07-26,vendor_payment
2026-07-28,inflow,receivable,17420.37,2026-07-15,full_payment
2026-07-30,inflow,receivable,22354.99,2026-07-29,full_payment
2026-07-30,outflow,payable,8505.07,2026-07-29,vendor_payment
2026-07-31,inflow,receivable,21492.98,2026-07-27,full_payment
2026-08-01,inflow,receivable,6308.0,2026-07-25,full_payment
2026-08-01,outflow,payable,4455.78,2026-08-01,vendor_payment
2026-08-01,inflow,receivable,6263.18,2026-07-18,full_payment
2026-08-02,inflow,receivable,25112.49,2026-07-30,full_payment
2026-08-02,outflow,payable,11888.57,2026-07-30,vendor_payment
2026-08-02,inflow,receivable,24620.34,2026-07-28,full_payment
2026-08-03,outflow,payable,9961.54,2026-08-03,vendor_payment
2026-08-04,outflow,payable,3707.81,2026-08-02,vendor_payment
2026-08-05,outflow,rent,9479.65,,recurring_rent
2026-08-05,inflow,receivable,8050.61,2026-08-01,full_payment
2026-08-05,inflow,receivable,27238.65,2026-08-03,full_payment
2026-08-05,outflow,payable,12345.11,2026-07-31,vendor_payment
2026-08-05,outflow,payable,9418.97,2026-08-04,vendor_payment
2026-08-06,outflow,payable,11273.05,2026-08-05,vendor_payment
2026-08-07,outflow,payable,9064.69,2026-08-06,vendor_payment
2026-08-08,inflow,receivable,12972.35,2026-08-06,partial_payment_installment_1
2026-08-08,inflow,receivable,4118.39,2026-08-06,partial_payment_remainder
2026-08-09,inflow,receivable,25349.16,2026-08-04,full_payment
2026-08-09,outflow,payable,10785.2,2026-08-07,vendor_payment
2026-08-09,inflow,receivable,27342.48,2026-07-31,full_payment
2026-08-10,outflow,payable,3319.85,2026-08-09,vendor_payment
2026-08-10,outflow,payroll,41190.8,,recurring_payroll
2026-08-11,outflow,payable,11087.72,2026-08-10,vendor_payment
2026-08-11,inflow,receivable,19103.06,2026-08-07,full_payment
2026-08-11,inflow,receivable,6383.85,2026-08-09,full_payment
2026-08-12,inflow,receivable,8362.66,2026-08-02,full_payment
2026-08-12,outflow,payable,10735.55,2026-08-12,vendor_payment
2026-08-12,outflow,payable,3291.32,2026-08-08,vendor_payment
2026-08-13,inflow,receivable,5536.06,2026-08-08,full_payment
2026-08-13,inflow,receivable,15608.07,2026-08-12,full_payment
2026-08-13,inflow,receivable,17037.17,2026-08-05,full_payment
2026-08-14,outflow,payable,8150.67,2026-08-13,vendor_payment
2026-08-14,inflow,receivable,17168.97,2026-08-13,full_payment
2026-08-14,inflow,receivable,16749.55,2026-08-11,full_payment
2026-08-14,outflow,payable,11708.42,2026-08-14,vendor_payment
2026-08-15,outflow,payable,10381.47,2026-08-11,vendor_payment
2026-08-16,outflow,payable,3180.87,2026-08-15,vendor_payment
2026-08-18,outflow,payable,4441.51,2026-08-16,vendor_payment
2026-08-18,outflow,payable,9091.46,2026-08-17,vendor_payment
2026-08-20,outflow,payable,9430.79,2026-08-18,vendor_payment
2026-08-20,outflow,payable,10976.1,2026-08-19,vendor_payment
2026-08-20,inflow,receivable,19642.4,2026-08-14,full_payment
2026-08-20,inflow,receivable,21632.37,2026-08-17,full_payment
2026-08-20,inflow,receivable,10112.48,2026-08-18,partial_payment_installment_1
2026-08-21,inflow,receivable,22165.96,2026-08-10,full_payment
2026-08-21,inflow,receivable,7005.2,2026-08-15,full_payment
2026-08-22,inflow,receivable,22745.26,2026-08-21,full_payment
2026-08-23,inflow,receivable,12893.42,2026-08-18,partial_payment_remainder
2026-08-23,outflow,payable,2665.95,2026-08-23,vendor_payment
2026-08-23,outflow,payable,9594.03,2026-08-20,vendor_payment
2026-08-24,inflow,receivable,6603.48,2026-08-16,full_payment
2026-08-24,outflow,payable,10803.13,2026-08-21,vendor_payment
2026-08-24,inflow,receivable,16204.04,2026-08-20,full_payment
2026-08-24,outflow,payroll,41089.53,,recurring_payroll
2026-08-25,outflow,payable,3452.89,2026-08-22,vendor_payment
2026-08-26,inflow,receivable,14897.0,2026-08-19,partial_payment_installment_1
2026-08-26,outflow,payable,7939.5,2026-08-24,vendor_payment
2026-08-26,outflow,payable,8495.93,2026-08-25,vendor_payment
2026-08-27,inflow,receivable,5597.9,2026-08-23,full_payment
2026-08-27,outflow,payable,8542.64,2026-08-26,vendor_payment
2026-08-28,outflow,payable,9028.78,2026-08-27,vendor_payment
2026-08-28,inflow,receivable,6483.42,2026-08-22,full_payment
2026-08-28,inflow,receivable,17011.11,2026-08-25,full_payment
2026-08-29,outflow,payable,14480.74,2026-08-28,vendor_payment
2026-08-30,outflow,payable,3553.37,2026-08-30,vendor_payment
2026-08-30,outflow,payable,3687.05,2026-08-29,vendor_payment
2026-08-31,outflow,payable,16136.38,2026-08-31,vendor_payment
2026-09-01,inflow,receivable,8525.71,2026-08-24,partial_payment_installment_1
2026-09-01,inflow,receivable,10385.58,2026-08-24,partial_payment_remainder
2026-09-02,outflow,payable,14031.06,2026-09-01,vendor_payment
2026-09-03,inflow,receivable,1655.22,2026-08-19,partial_payment_remainder
2026-09-03,inflow,receivable,27871.04,2026-09-02,full_payment
2026-09-03,outflow,payable,11338.77,2026-09-03,vendor_payment
2026-09-03,inflow,receivable,15974.52,2026-08-26,full_payment
2026-09-04,outflow,payable,12640.94,2026-09-04,vendor_payment
2026-09-04,outflow,payable,13740.93,2026-09-02,vendor_payment
2026-09-05,inflow,receivable,7772.65,2026-08-29,full_payment
2026-09-05,inflow,receivable,26732.38,2026-09-01,full_payment
2026-09-05,inflow,receivable,20633.08,2026-09-03,full_payment
2026-09-05,outflow,rent,9513.86,,recurring_rent
2026-09-07,outflow,payroll,40881.0,,recurring_payroll
2026-09-07,outflow,payable,9484.7,2026-09-07,vendor_payment
2026-09-07,outflow,payable,3304.04,2026-09-06,vendor_payment
2026-09-07,outflow,payable,3362.24,2026-09-05,vendor_payment
2026-09-08,inflow,receivable,8889.11,2026-09-07,partial_payment_installment_1
2026-09-08,inflow,receivable,9363.09,2026-08-30,full_payment
2026-09-09,outflow,payable,9365.19,2026-09-09,vendor_payment
2026-09-09,outflow,payable,9380.11,2026-09-08,vendor_payment
2026-09-10,inflow,receivable,27917.73,2026-08-31,full_payment
2026-09-10,inflow,receivable,21776.67,2026-09-04,full_payment
2026-09-10,outflow,payable,9433.35,2026-09-10,vendor_payment
2026-09-11,inflow,receivable,6443.8,2026-09-06,full_payment
2026-09-12,inflow,receivable,16299.52,2026-09-08,full_payment
2026-09-12,outflow,payable,9789.24,2026-09-11,vendor_payment
2026-09-13,inflow,receivable,10215.77,2026-09-07,partial_payment_remainder
2026-09-13,inflow,receivable,17096.21,2026-09-09,full_payment
2026-09-13,outflow,payable,3464.89,2026-09-12,vendor_payment
2026-09-14,inflow,receivable,17733.62,2026-08-27,full_payment
2026-09-15,outflow,payable,8135.98,2026-09-15,vendor_payment
2026-09-15,inflow,receivable,25008.76,2026-08-28,full_payment
2026-09-15,outflow,payable,10167.33,2026-09-14,vendor_payment
2026-09-15,inflow,receivable,17313.75,2026-09-10,full_payment
2026-09-15,outflow,payable,3008.97,2026-09-13,vendor_payment
2026-09-16,inflow,receivable,5845.46,2026-09-12,full_payment
2026-09-16,inflow,receivable,6921.12,2026-09-14,partial_payment_installment_1
2026-09-16,outflow,payable,9910.93,2026-09-16,vendor_payment
2026-09-16,inflow,receivable,7441.91,2026-09-13,full_payment
2026-09-17,inflow,receivable,4825.68,2026-09-05,partial_payment_installment_1
2026-09-19,outflow,payable,10029.62,2026-09-17,vendor_payment
2026-09-19,outflow,payable,9418.13,2026-09-18,vendor_payment
2026-09-19,inflow,receivable,22599.17,2026-09-18,full_payment
2026-09-19,inflow,receivable,12186.28,2026-09-14,partial_payment_remainder
2026-09-20,outflow,payable,3180.32,2026-09-19,vendor_payment
2026-09-21,inflow,receivable,16296.42,2026-09-16,full_payment
2026-09-21,outflow,payroll,42668.19,,recurring_payroll
2026-09-22,outflow,payable,3286.0,2026-09-20,vendor_payment
2026-09-22,inflow,receivable,2230.89,2026-09-05,partial_payment_remainder
2026-09-23,outflow,payable,10230.45,2026-09-22,vendor_payment
2026-09-23,inflow,receivable,7352.28,2026-09-20,full_payment
2026-09-23,inflow,receivable,5208.64,2026-09-19,full_payment
2026-09-24,outflow,payable,10181.39,2026-09-23,vendor_payment
2026-09-24,outflow,payable,9432.19,2026-09-24,vendor_payment
2026-09-26,outflow,payable,10465.52,2026-09-21,vendor_payment
2026-09-26,inflow,receivable,10012.39,2026-09-24,partial_payment_installment_1
2026-09-26,inflow,receivable,15586.9,2026-09-22,full_payment
2026-09-26,inflow,receivable,19308.82,2026-09-17,full_payment
2026-09-27,inflow,receivable,17431.35,2026-09-15,full_payment
2026-09-27,inflow,receivable,9903.5,2026-09-23,partial_payment_installment_1
2026-09-28,outflow,payable,3354.95,2026-09-26,vendor_payment
2026-09-28,outflow,payable,11591.39,2026-09-25,vendor_payment
2026-09-28,inflow,receivable,6676.91,2026-09-23,partial_payment_remainder
2026-09-29,inflow,receivable,6070.35,2026-09-24,partial_payment_remainder
2026-09-29,inflow,receivable,22589.11,2026-09-25,full_payment
2026-09-29,inflow,receivable,22278.34,2026-09-21,full_payment
2026-09-29,inflow,receivable,9024.13,2026-09-27,full_payment
2026-09-29,outflow,payable,14457.06,2026-09-28,vendor_payment
2026-09-29,outflow,payable,4625.58,2026-09-27,vendor_payment
2026-09-30,outflow,payable,14742.24,2026-09-30,vendor_payment
2026-09-30,outflow,payable,10055.13,2026-09-29,vendor_payment
2026-10-02,outflow,payable,13335.66,2026-10-01,vendor_payment
2026-10-03,outflow,payable,14913.38,2026-10-02,vendor_payment
2026-10-03,inflow,receivable,28029.2,2026-10-01,full_payment
2026-10-04,outflow,payable,3547.02,2026-10-04,vendor_payment
2026-10-04,outflow,payable,3429.47,2026-10-03,vendor_payment
2026-10-04,inflow,receivable,20713.23,2026-09-11,full_payment
2026-10-05,outflow,payroll,42243.64,,recurring_payroll
2026-10-05,inflow,receivable,11680.72,2026-09-28,partial_payment_installment_1
2026-10-05,outflow,payable,13880.18,2026-10-05,vendor_payment
2026-10-05,inflow,receivable,24057.99,2026-09-30,full_payment
2026-10-05,outflow,rent,9433.38,,recurring_rent
2026-10-06,inflow,receivable,12730.4,2026-09-29,partial_payment_installment_1
2026-10-06,inflow,receivable,6776.28,2026-09-26,full_payment
2026-10-07,inflow,receivable,16924.42,2026-10-06,full_payment
2026-10-07,outflow,payable,8175.85,2026-10-06,vendor_payment
2026-10-07,inflow,receivable,5889.17,2026-10-03,full_payment
2026-10-07,inflow,receivable,17116.64,2026-10-05,full_payment
2026-10-08,inflow,receivable,18229.37,2026-09-28,partial_payment_remainder
2026-10-08,outflow,payable,8589.63,2026-10-07,vendor_payment
2026-10-08,inflow,receivable,18026.72,2026-10-07,full_payment
2026-10-08,inflow,receivable,12456.95,2026-09-29,partial_payment_remainder
2026-10-09,outflow,payable,10093.01,2026-10-08,vendor_payment
2026-10-09,inflow,receivable,13023.96,2026-10-02,partial_payment_installment_1
2026-10-10,inflow,receivable,6799.75,2026-10-04,full_payment
2026-10-11,inflow,receivable,22353.21,2026-10-09,full_payment
2026-10-11,inflow,receivable,19364.39,2026-10-02,partial_payment_remainder
2026-10-12,inflow,receivable,18593.64,2026-10-12,full_payment
2026-10-12,outflow,payable,9687.91,2026-10-09,vendor_payment
2026-10-13,outflow,payable,9934.86,2026-10-12,vendor_payment
2026-10-13,outflow,payable,3583.23,2026-10-11,vendor_payment
2026-10-14,outflow,payable,7970.28,2026-10-14,vendor_payment
2026-10-14,outflow,payable,8208.82,2026-10-13,vendor_payment
2026-10-15,inflow,receivable,6653.71,2026-10-10,full_payment
2026-10-15,inflow,receivable,6778.56,2026-10-11,full_payment
2026-10-17,outflow,payable,12609.13,2026-10-16,vendor_payment
2026-10-17,outflow,payable,8629.69,2026-10-15,vendor_payment
2026-10-17,outflow,payable,2735.18,2026-10-10,vendor_payment
2026-10-18,outflow,payable,3383.97,2026-10-17,vendor_payment
2026-10-18,inflow,receivable,2436.3,2026-10-17,partial_payment_installment_1
2026-10-19,inflow,receivable,18162.69,2026-10-08,full_payment
2026-10-19,inflow,receivable,18819.44,2026-10-13,full_payment
2026-10-19,outflow,payroll,42066.78,,recurring_payroll
2026-10-20,outflow,payable,11186.07,2026-10-19,vendor_payment
2026-10-20,outflow,payable,2924.13,2026-10-18,vendor_payment
2026-10-21,outflow,payable,8793.13,2026-10-20,vendor_payment
2026-10-21,inflow,receivable,6988.73,2026-10-18,full_payment
2026-10-21,inflow,receivable,4182.89,2026-10-17,partial_payment_remainder
2026-10-21,inflow,receivable,17661.89,2026-10-15,full_payment
2026-10-22,inflow,receivable,22111.32,2026-10-14,full_payment
2026-10-22,inflow,receivable,21320.88,2026-10-16,full_payment
2026-10-23,inflow,receivable,8277.1,2026-10-20,partial_payment_installment_1
2026-10-24,outflow,payable,9123.98,2026-10-23,vendor_payment
2026-10-24,outflow,payable,9585.03,2026-10-22,vendor_payment
2026-10-24,inflow,receivable,7582.75,2026-10-20,partial_payment_remainder
2026-10-24,inflow,receivable,17598.0,2026-10-22,full_payment
2026-10-25,inflow,receivable,12464.03,2026-10-19,partial_payment_installment_1
2026-10-25,outflow,payable,2681.09,2026-10-24,vendor_payment
2026-10-25,outflow,payable,12435.73,2026-10-21,vendor_payment
2026-10-27,outflow,payable,13094.64,2026-10-26,vendor_payment
2026-10-28,outflow,payable,9682.4,2026-10-27,vendor_payment
2026-10-28,inflow,receivable,6910.68,2026-10-25,full_payment
2026-10-29,inflow,receivable,2738.94,2026-10-24,partial_payment_installment_1
2026-10-29,inflow,receivable,18371.72,2026-10-21,full_payment
2026-10-29,outflow,payable,3163.17,2026-10-25,vendor_payment
2026-10-30,outflow,payable,9596.55,2026-10-28,vendor_payment
2026-10-30,outflow,payable,12462.23,2026-10-29,vendor_payment
2026-10-30,inflow,receivable,24317.48,2026-10-23,full_payment
2026-10-30,inflow,receivable,8031.83,2026-10-19,partial_payment_remainder
2026-10-31,inflow,receivable,3399.74,2026-10-24,partial_payment_remainder
2026-10-31,outflow,payable,11540.32,2026-10-30,vendor_payment
2026-11-02,inflow,receivable,9583.53,2026-10-31,full_payment
2026-11-02,outflow,payable,3853.1,2026-10-31,vendor_payment
2026-11-02,outflow,payroll,39822.12,,recurring_payroll
2026-11-03,outflow,payable,5078.9,2026-11-01,vendor_payment
2026-11-04,inflow,receivable,31370.44,2026-10-30,full_payment
2026-11-04,inflow,receivable,16870.88,2026-10-28,full_payment
2026-11-04,outflow,payable,8865.01,2026-11-04,vendor_payment
2026-11-05,outflow,payable,10419.99,2026-11-03,vendor_payment
2026-11-05,outflow,rent,9541.69,,recurring_rent
2026-11-05,outflow,payable,12318.99,2026-11-02,vendor_payment
2026-11-06,inflow,receivable,16004.16,2026-10-29,full_payment
2026-11-06,inflow,receivable,18341.11,2026-10-27,full_payment
2026-11-07,outflow,payable,10962.2,2026-11-06,vendor_payment
2026-11-07,inflow,receivable,25171.87,2026-11-03,full_payment
2026-11-07,inflow,receivable,22232.1,2026-11-04,full_payment
2026-11-08,outflow,payable,3273.74,2026-11-07,vendor_payment
2026-11-08,inflow,receivable,5591.83,2026-11-07,full_payment
2026-11-08,inflow,receivable,18689.38,2026-11-05,full_payment
2026-11-08,outflow,payable,9716.83,2026-11-05,vendor_payment
2026-11-08,inflow,receivable,1913.19,2026-11-01,partial_payment_installment_1
2026-11-08,inflow,receivable,27882.94,2026-11-02,full_payment
2026-11-09,outflow,payable,3163.26,2026-11-08,vendor_payment
2026-11-09,outflow,payable,9931.66,2026-11-09,vendor_payment
2026-11-09,inflow,receivable,22921.93,2026-11-06,full_payment
2026-11-10,outflow,payable,8305.79,2026-11-10,vendor_payment
2026-11-11,inflow,receivable,5515.81,2026-11-01,partial_payment_remainder
2026-11-13,outflow,payable,11209.07,2026-11-13,vendor_payment
2026-11-13,outflow,payable,9685.47,2026-11-11,vendor_payment
2026-11-14,outflow,payable,8500.2,2026-11-12,vendor_payment
2026-11-14,inflow,receivable,19341.09,2026-11-10,full_payment
2026-11-14,inflow,receivable,21908.08,2026-10-26,full_payment
2026-11-16,inflow,receivable,11513.66,2026-11-11,partial_payment_installment_1
2026-11-16,outflow,payroll,43726.6,,recurring_payroll
2026-11-17,outflow,payable,2614.77,2026-11-15,vendor_payment
2026-11-17,outflow,payable,2992.1,2026-11-14,vendor_payment
2026-11-17,outflow,payable,9817.38,2026-11-17,vendor_payment
2026-11-18,inflow,receivable,19977.14,2026-11-17,full_payment
2026-11-18,outflow,payable,9538.34,2026-11-16,vendor_payment
2026-11-19,outflow,payable,8242.59,2026-11-18,vendor_payment
2026-11-19,inflow,receivable,7441.15,2026-11-11,partial_payment_remainder
2026-11-20,inflow,receivable,17028.05,2026-11-12,full_payment
2026-11-21,inflow,receivable,16670.49,2026-11-19,partial_payment_installment_1
2026-11-21,inflow,receivable,5040.63,2026-11-15,full_payment
2026-11-21,inflow,receivable,5657.71,2026-11-08,full_payment
2026-11-21,outflow,payable,9688.39,2026-11-20,vendor_payment
2026-11-21,outflow,payable,8048.56,2026-11-19,vendor_payment
2026-11-22,outflow,payable,2917.18,2026-11-21,vendor_payment
2026-11-23,inflow,receivable,18858.21,2026-11-18,full_payment
2026-11-23,inflow,receivable,26086.5,2026-11-20,full_payment
2026-11-23,inflow,receivable,4459.82,2026-11-14,partial_payment_installment_1
2026-11-25,outflow,payable,8615.37,2026-11-24,vendor_payment
2026-11-25,inflow,receivable,22692.11,2026-11-16,full_payment
2026-11-25,outflow,payable,9961.38,2026-11-23,vendor_payment
2026-11-25,inflow,receivable,6114.96,2026-11-09,partial_payment_installment_1
2026-11-26,outflow,payable,9355.46,2026-11-25,vendor_payment
2026-11-26,inflow,receivable,4457.8,2026-11-21,partial_payment_installment_1
2026-11-26,inflow,receivable,19195.79,2026-11-24,full_payment
2026-11-27,outflow,payable,9762.41,2026-11-27,vendor_payment
2026-11-27,outflow,payable,2963.21,2026-11-22,vendor_payment
2026-11-27,inflow,receivable,1852.28,2026-11-19,partial_payment_remainder
2026-11-27,inflow,receivable,1442.44,2026-11-14,partial_payment_remainder
2026-11-27,inflow,receivable,6388.89,2026-11-22,full_payment
2026-11-28,inflow,receivable,18060.91,2026-11-25,full_payment
2026-11-28,inflow,receivable,16288.22,2026-11-09,partial_payment_remainder
2026-11-29,outflow,payable,4464.51,2026-11-28,vendor_payment
2026-11-30,outflow,payroll,41248.81,,recurring_payroll
2026-11-30,outflow,payable,4478.07,2026-11-29,vendor_payment
2026-12-01,inflow,receivable,25535.05,2026-11-26,full_payment
2026-12-02,inflow,receivable,6960.65,2026-11-28,full_payment
2026-12-02,outflow,payable,11775.44,2026-12-01,vendor_payment
2026-12-03,outflow,payable,14754.47,2026-11-30,vendor_payment
2026-12-04,inflow,receivable,20312.97,2026-11-27,full_payment
2026-12-04,inflow,receivable,11665.52,2026-12-02,partial_payment_installment_1
2026-12-04,inflow,receivable,17212.58,2026-11-23,full_payment
2026-12-04,outflow,payable,11469.28,2026-12-03,vendor_payment
2026-12-05,inflow,receivable,5196.7,2026-11-29,partial_payment_installment_1
2026-12-05,outflow,rent,9637.95,,recurring_rent
2026-12-05,outflow,payable,12182.22,2026-12-02,vendor_payment
2026-12-06,outflow,payable,3535.73,2026-12-05,vendor_payment
2026-12-06,outflow,payable,4117.64,2026-12-06,vendor_payment
2026-12-06,inflow,receivable,7354.69,2026-12-05,full_payment
2026-12-06,inflow,receivable,18807.96,2026-12-03,full_payment
2026-12-06,inflow,receivable,10607.1,2026-12-02,partial_payment_remainder
2026-12-06,outflow,payable,12900.56,2026-12-04,vendor_payment
2026-12-07,outflow,payable,9182.63,2026-11-26,vendor_payment
2026-12-07,outflow,payable,13381.13,2026-12-07,vendor_payment
2026-12-07,inflow,receivable,20085.52,2026-12-01,full_payment
2026-12-08,inflow,receivable,3598.1,2026-11-29,partial_payment_remainder
2026-12-08,outflow,payable,8984.25,2026-12-08,vendor_payment
2026-12-08,inflow,receivable,20741.65,2026-11-13,full_payment
2026-12-11,outflow,payable,7512.3,2026-12-10,vendor_payment
2026-12-11,outflow,payable,8531.55,2026-12-09,vendor_payment
2026-12-11,inflow,receivable,15538.86,2026-12-04,partial_payment_installment_1
2026-12-13,outflow,payable,12046.97,2026-12-11,vendor_payment
2026-12-13,inflow,receivable,18387.56,2026-12-09,full_payment
2026-12-13,inflow,receivable,18277.93,2026-12-07,full_payment
2026-12-13,inflow,receivable,30192.96,2026-11-30,full_payment
2026-12-14,inflow,receivable,21101.42,2026-12-08,full_payment
2026-12-14,outflow,payable,3088.78,2026-12-13,vendor_payment
2026-12-14,outflow,payroll,43723.52,,recurring_payroll
2026-12-15,inflow,receivable,6283.88,2026-12-06,full_payment
2026-12-15,inflow,receivable,20573.76,2026-12-11,full_payment
2026-12-16,outflow,payable,9699.95,2026-12-16,vendor_payment
2026-12-16,inflow,receivable,1763.33,2026-11-21,partial_payment_remainder
2026-12-16,outflow,payable,8285.81,2026-12-15,vendor_payment
2026-12-17,outflow,payable,11508.41,2026-12-14,vendor_payment
2026-12-18,outflow,payable,8342.03,2026-12-17,vendor_payment
2026-12-18,outflow,payable,9089.96,2026-12-18,vendor_payment
2026-12-19,outflow,payable,2706.25,2026-12-12,vendor_payment
2026-12-19,inflow,receivable,12999.31,2026-12-04,partial_payment_remainder
2026-12-19,outflow,payable,3022.17,2026-12-19,vendor_payment
2026-12-20,inflow,receivable,7984.77,2026-12-12,full_payment
2026-12-20,outflow,payable,2912.77,2026-12-20,vendor_payment
2026-12-20,inflow,receivable,17653.17,2026-12-15,full_payment
2026-12-20,inflow,receivable,16655.26,2026-12-10,full_payment
2026-12-21,inflow,receivable,18691.1,2026-12-17,full_payment
2026-12-21,inflow,receivable,6284.83,2026-12-20,full_payment
2026-12-22,inflow,receivable,8007.23,2026-12-13,full_payment
2026-12-22,outflow,payable,7798.41,2026-12-22,vendor_payment
2026-12-23,outflow,payable,11430.33,2026-12-21,vendor_payment
2026-12-23,inflow,receivable,10321.31,2026-12-16,partial_payment_installment_1
2026-12-23,inflow,receivable,3534.63,2026-12-19,partial_payment_installment_1
2026-12-24,outflow,payable,8506.13,2026-12-24,vendor_payment
2026-12-24,inflow,receivable,8085.78,2026-12-23,partial_payment_installment_1
2026-12-25,outflow,payable,10256.48,2026-12-23,vendor_payment
2026-12-25,inflow,receivable,2081.77,2026-12-19,partial_payment_remainder
2026-12-26,outflow,payable,10837.55,2026-12-25,vendor_payment
2026-12-26,inflow,receivable,5903.26,2026-12-16,partial_payment_remainder
2026-12-27,inflow,receivable,21318.52,2026-12-21,full_payment
2026-12-27,inflow,receivable,17468.78,2026-12-24,partial_payment_installment_1
2026-12-28,outflow,payroll,40782.64,,recurring_payroll
2026-12-29,outflow,payable,3261.21,2026-12-27,vendor_payment
2026-12-30,inflow,receivable,20489.96,2026-12-25,full_payment
2026-12-30,inflow,receivable,20106.32,2026-12-18,full_payment
2026-12-30,inflow,receivable,25305.22,2026-12-14,full_payment
2026-12-30,outflow,payable,3569.55,2026-12-26,vendor_payment
2026-12-30,outflow,payable,14131.89,2026-12-28,vendor_payment
2026-12-31,outflow,payable,14277.5,2026-12-30,vendor_payment
2026-12-31,inflow,receivable,11480.68,2026-12-23,partial_payment_remainder
2027-01-01,inflow,receivable,9121.93,2026-12-22,partial_payment_installment_1
2027-01-03,inflow,receivable,17833.93,2026-12-28,full_payment
2027-01-03,inflow,receivable,21030.72,2026-12-29,full_payment
2027-01-04,outflow,payable,11302.72,2026-12-29,vendor_payment
2027-01-05,inflow,receivable,3423.26,2026-12-24,partial_payment_remainder
2027-01-09,inflow,receivable,2862.06,2026-12-26,partial_payment_installment_1
2027-01-11,inflow,receivable,24407.02,2026-12-30,full_payment
2027-01-11,inflow,receivable,3288.63,2026-12-26,partial_payment_remainder
2027-01-17,inflow,receivable,6218.11,2026-12-27,full_payment
2027-01-29,inflow,receivable,3774.25,2026-12-22,partial_payment_remainder
